"dispatching_base_num","pickup_datetime","dropOff_datetime","PUlocationID","DOlocationID","SR_Flag","Affiliated_base_number"
"B01259",2020-04-24 08:20:17.000000,2020-04-24 08:26:59.000000,264,157,,"B01259"
"B00477",2020-04-25 17:56:07.000000,2020-04-25 17:56:23.000000,229,69,,"B00477"
"B01233",2020-04-16 12:50:20.000000,2020-04-16 12:57:51.000000,264,126,,"B01233"
"B02849",2020-04-22 12:06:04.000000,2020-04-22 12:09:17.000000,264,61,,"B02849"
"B02782",2020-04-13 09:10:00.000000,2020-04-13 09:22:00.000000,,,,"B02782"
"B00706",2020-04-09 15:37:17.000000,2020-04-09 15:44:09.000000,115,115,,"B00706"
"B01239",2020-04-27 10:10:08.000000,2020-04-27 10:15:51.000000,,81,,"B01285"
"B02550",2020-04-04 04:28:19.000000,2020-04-04 04:47:23.000000,,140,,"B02765"
"B01717",2020-04-08 06:56:44.000000,2020-04-08 07:05:22.000000,264,242,,"B01717"
"B00911",2020-04-15 05:58:17.000000,2020-04-15 06:09:22.000000,264,169,,"B00911"
"B01710",2020-04-21 08:50:25.000000,2020-04-21 09:06:06.000000,264,264,,"B01710"
"B01899",2020-04-29 07:41:32.000000,2020-04-29 07:58:39.000000,264,264,,"B01899"
"B01259",2020-04-05 09:29:19.000000,2020-04-05 09:32:21.000000,264,256,,"B01259"
"B03023",2020-04-10 17:03:01.000000,2020-04-10 17:03:07.000000,69,69,,"B03023"
"B03266",2020-04-24 20:19:09.000000,2020-04-24 21:09:48.000000,7,218,,"B03266"
"B01239",2020-04-18 19:01:33.000000,2020-04-18 19:33:22.000000,,159,,"B02879"
"B02550",2020-04-27 09:03:13.000000,2020-04-27 09:46:19.000000,,69,,"B02888"
"B00037",2020-04-02 08:48:33.000000,2020-04-02 08:50:38.000000,264,188,,"B02878"
"B01300",2020-04-10 21:26:04.000000,2020-04-10 21:29:08.000000,,254,,"B01300"
"B01315",2020-04-01 13:04:56.000000,2020-04-01 13:17:25.000000,264,248,,"B01315"
"B01913",2020-04-02 16:09:38.000000,2020-04-02 16:10:30.000000,264,262,,"B00111"
"B00256",2020-04-26 19:03:43.000000,2020-04-26 19:26:34.000000,264,264,,"B00256"
"B01312",2020-04-23 13:07:18.000000,2020-04-23 13:08:19.000000,264,217,,"B02764"
"B00222",2020-04-27 09:54:12.000000,2020-04-27 10:04:19.000000,,75,,"B00222"
"B03060",2020-04-29 20:46:03.000000,2020-04-29 21:03:11.000000,264,227,,"B02788"
"B02783",2020-04-20 08:07:03.000000,2020-04-20 08:33:18.000000,264,75,,"B02783"
"B03016",2020-04-15 09:52:36.000000,2020-04-15 09:58:55.000000,,3,,"B03016"
"B02762",2020-04-12 22:49:00.000000,2020-04-12 23:15:00.000000,264,264,,"B02762"
"B01726",2020-04-04 22:59:52.000000,2020-04-04 23:11:20.000000,,235,,"B01726"
"B01231",2020-04-28 17:27:35.000000,2020-04-28 17:45:37.000000,264,137,,"B02899"
"B01282",2020-04-28 18:21:00.000000,2020-04-28 18:33:54.000000,,76,,"B02788"
"B01536",2020-04-18 08:24:49.000000,2020-04-18 08:37:23.000000,264,74,,"B01536"
"B00227",2020-04-17 06:15:00.000000,2020-04-17 07:28:00.000000,264,264,,"B00227"
"B02546",2020-04-01 13:06:54.000000,2020-04-01 14:43:42.000000,264,244,,"B02546"
"B00457",2020-04-04 07:32:56.000000,2020-04-04 07:36:13.000000,,248,,"B00457"
"B02563",2020-04-30 08:40:36.000000,2020-04-30 08:44:19.000000,264,198,,"B02563"
"B00948",2020-04-15 11:49:00.000000,2020-04-15 12:17:29.000000,264,61,,"B00948"
"B01239",2020-04-22 19:21:17.000000,2020-04-22 19:27:32.000000,,254,,"B02882"
"B02715",2020-04-09 12:54:28.000000,2020-04-09 13:16:09.000000,79,41,,"B02875"
"B01145",2020-04-25 04:29:43.000000,2020-04-25 05:46:19.000000,264,147,,"B02870"
"B02550",2020-04-14 22:30:36.000000,2020-04-14 22:46:10.000000,,265,,"B02869"
"B01233",2020-04-24 22:10:22.000000,2020-04-24 22:15:20.000000,264,182,,"B01233"
"B02794",2020-04-02 12:28:09.000000,2020-04-02 12:44:09.000000,264,72,,"B02882"
"B02849",2020-04-30 07:47:04.000000,2020-04-30 08:04:29.000000,264,63,,"B02849"
"B03016",2020-04-10 13:12:00.000000,2020-04-10 13:15:58.000000,,259,,"B01285"
"B00821",2020-04-22 06:02:23.000000,2020-04-22 06:05:08.000000,264,63,,"B02867"
"B02537",2020-04-28 10:16:07.000000,2020-04-28 10:18:12.000000,,241,,"B02537"
"B02379",2020-04-01 11:24:14.000000,2020-04-01 11:32:29.000000,74,47,,"B02379"
"B00037",2020-04-17 09:00:02.000000,2020-04-17 09:08:15.000000,264,71,,"B02871"
"B00256",2020-04-15 18:37:57.000000,2020-04-15 21:06:36.000000,264,264,,"B00256"
"B02968",2020-04-17 08:11:52.000000,2020-04-17 08:20:05.000000,264,126,,"B02968"
"B01454",2020-04-01 23:09:25.000000,2020-04-01 23:20:15.000000,264,71,,"B01454"
"B02968",2020-04-17 11:11:48.000000,2020-04-17 11:17:17.000000,264,248,,"B02968"
"B00860",2020-04-29 16:19:11.000000,2020-04-29 16:24:33.000000,264,241,,"B00860"
"B01145",2020-04-16 01:07:12.000000,2020-04-16 01:11:11.000000,264,42,,"B02764"
"B02352",2020-04-14 09:25:50.000000,2020-04-14 09:31:57.000000,,228,,"B02352"
"B00310",2020-04-12 17:28:01.000000,2020-04-12 17:37:44.000000,264,235,,"B00310"
"B02881",2020-04-28 13:13:48.000000,2020-04-28 13:31:23.000000,9,216,,"B02881"
"B02509",2020-04-04 10:00:44.000000,2020-04-04 10:22:43.000000,264,169,,"B02882"
"B00112",2020-04-01 22:21:18.000000,2020-04-01 22:31:06.000000,264,55,,"B00112"
"B02550",2020-04-01 13:23:36.000000,2020-04-01 13:30:55.000000,,152,,"B02887"
"B02557",2020-04-15 04:35:00.000000,2020-04-15 05:09:00.000000,132,219,,"B02955"
"B02182",2020-04-22 10:01:59.000000,2020-04-22 10:14:30.000000,264,264,,"B03027"
"B02550",2020-04-01 09:12:53.000000,2020-04-01 09:27:03.000000,,247,,"B02800"
"B03016",2020-04-22 13:03:03.000000,2020-04-22 13:16:56.000000,,147,,"B03016"
"B03016",2020-04-30 00:28:59.000000,2020-04-30 00:38:02.000000,,213,,"B02882"
"B01536",2020-04-07 08:02:20.000000,2020-04-07 08:13:53.000000,264,168,,"B01536"
"B01420",2020-04-02 07:51:00.000000,2020-04-02 08:06:00.000000,,,,"B01420"
"B02728",2020-04-17 18:45:42.000000,2020-04-17 18:51:51.000000,,51,,"B02728"
"B01145",2020-04-12 22:13:05.000000,2020-04-12 22:28:44.000000,264,168,,"B02971"
"B02003",2020-04-14 17:15:08.000000,2020-04-14 18:04:31.000000,,,,"B02003"
"B01200",2020-04-24 12:11:41.000000,2020-04-24 12:36:21.000000,264,226,,"B01200"
"B03266",2020-04-30 23:30:19.000000,2020-04-30 23:34:01.000000,179,179,,"B03266"
"B02552",2020-04-24 13:55:05.000000,2020-04-24 14:29:17.000000,74,228,,"B02788"
"B00457",2020-04-25 17:29:06.000000,2020-04-25 17:30:53.000000,,20,,"B00457"
"B00789",2020-04-11 14:36:38.000000,2020-04-11 15:07:10.000000,,,,"B00789"
"B03156",2020-04-09 09:04:00.000000,2020-04-09 09:22:00.000000,32,42,,"B03156"
"B01051",2020-04-19 23:16:07.000000,2020-04-19 23:26:49.000000,,18,,"B01051"
"B00448",2020-04-29 13:51:09.000000,2020-04-29 14:27:13.000000,,161,,"B00448"
"B02849",2020-04-25 16:59:43.000000,2020-04-25 17:09:18.000000,264,165,,"B02849"
"B02550",2020-04-30 09:03:33.000000,2020-04-30 09:29:34.000000,,142,,"B02550"
"B01013",2020-04-26 11:00:00.000000,2020-04-26 11:15:00.000000,,,,"B01013"
"B01437",2020-04-07 09:58:57.000000,2020-04-07 10:05:43.000000,264,93,,"B02880"
"B02536",2020-04-19 12:08:20.000000,2020-04-19 12:24:36.000000,149,21,,"B02536"
"B01145",2020-04-02 18:20:02.000000,2020-04-02 18:35:27.000000,264,167,,"B02870"
"B01485",2020-04-21 22:25:03.000000,2020-04-21 22:40:00.000000,264,91,,"B01485"
"B02550",2020-04-04 11:00:19.000000,2020-04-04 11:12:23.000000,,265,,"B02534"
"B02794",2020-04-23 22:02:12.000000,2020-04-23 22:19:09.000000,264,76,,"B02682"
"B03160",2020-04-04 13:23:00.000000,2020-04-04 13:53:00.000000,198,177,,"B02872"
"B00855",2020-04-03 08:20:00.000000,2020-04-03 09:30:00.000000,86,117,,"B00855"
"B01437",2020-04-22 22:03:57.000000,2020-04-22 22:13:33.000000,264,216,,"B02875"
"B02687",2020-04-21 15:17:32.000000,2020-04-21 15:42:13.000000,188,149,,"B02687"
"B01145",2020-04-03 11:20:32.000000,2020-04-03 11:39:54.000000,264,69,,"B02875"
"B02352",2020-04-20 06:46:35.000000,2020-04-20 06:50:00.000000,,228,,"B02352"
"B03060",2020-04-22 11:12:12.000000,2020-04-22 11:34:58.000000,264,35,,"B02788"
"B02881",2020-04-08 06:49:48.000000,2020-04-08 06:57:16.000000,56,83,,"B02881"
"B03060",2020-04-20 14:49:31.000000,2020-04-20 15:50:37.000000,264,86,,"B03060"
"B03171",2020-04-12 03:30:08.000000,2020-04-12 03:33:43.000000,,82,,"B03171"
"B01145",2020-04-11 17:09:22.000000,2020-04-11 17:17:10.000000,264,168,,"B01145"
"B03047",2020-04-02 11:32:00.000000,2020-04-02 12:07:06.000000,6,168,,"B03047"
"B01145",2020-04-23 10:15:55.000000,2020-04-23 10:33:07.000000,264,41,,"B02884"
"B02509",2020-04-11 08:57:41.000000,2020-04-11 09:19:51.000000,264,195,,"B02864"
"B00911",2020-04-17 14:03:17.000000,2020-04-17 14:09:29.000000,264,69,,"B00911"
"B02846",2020-04-14 09:11:37.000000,2020-04-14 09:37:26.000000,264,69,,"B02846"
"B00647",2020-04-26 15:04:09.000000,2020-04-26 15:10:07.000000,264,20,,"B00647"
"B01717",2020-04-18 14:43:52.000000,2020-04-18 14:51:27.000000,264,213,,"B01717"
"B01536",2020-04-16 07:14:12.000000,2020-04-16 07:26:39.000000,264,213,,"B01536"
"B01145",2020-04-08 11:54:00.000000,2020-04-08 12:21:54.000000,264,60,,"B02870"
"B02677",2020-04-10 09:41:22.000000,2020-04-10 09:49:00.000000,264,35,,"B02677"
"B03016",2020-04-13 07:44:14.000000,2020-04-13 07:52:25.000000,,3,,"B02879"
"B01871",2020-04-14 08:33:00.000000,2020-04-14 08:52:00.000000,,,,"B01871"
"B02849",2020-04-06 14:45:48.000000,2020-04-06 14:52:17.000000,264,217,,"B02849"
"B02416",2020-04-10 20:13:11.000000,2020-04-10 20:32:23.000000,,,,
"B01312",2020-04-13 16:21:44.000000,2020-04-13 16:41:41.000000,264,85,,"B02800"
"B02162",2020-04-03 22:11:08.000000,2020-04-03 22:22:56.000000,264,89,,"1UBER"
"B02315",2020-04-13 07:38:57.000000,2020-04-13 07:44:57.000000,264,29,,"B02315"
"B02674",2020-04-22 08:27:52.000000,2020-04-22 08:34:00.000000,102,102,,"B02674"
"B02245",2020-04-18 01:45:15.000000,2020-04-18 01:54:44.000000,264,22,,"B02245"
"B02794",2020-04-06 12:00:58.000000,2020-04-06 12:13:25.000000,264,61,,"B02794"
"B03266",2020-04-16 17:08:56.000000,2020-04-16 17:33:52.000000,193,197,,"B03266"
"B01069",2020-04-02 13:35:32.000000,2020-04-02 13:36:53.000000,264,258,,"B01069"
"B03047",2020-04-24 14:04:20.000000,2020-04-24 14:20:31.000000,20,69,,"B03047"
"B00647",2020-04-14 06:50:01.000000,2020-04-14 06:59:47.000000,264,69,,"B00647"
"B02546",2020-04-23 13:42:19.000000,2020-04-23 13:58:59.000000,264,126,,"B02546"
"B02898",2020-04-02 09:02:40.000000,2020-04-02 09:43:23.000000,,174,,"B02898"
"B00310",2020-04-01 21:32:28.000000,2020-04-01 21:40:04.000000,264,18,,"B02888"
"B01871",2020-04-22 20:00:00.000000,2020-04-22 20:08:00.000000,,,,"B01871"
"B01231",2020-04-12 16:51:12.000000,2020-04-12 17:02:06.000000,264,49,,"B02872"
"B01312",2020-04-10 09:17:55.000000,2020-04-10 09:31:11.000000,264,226,,"B02865"
"B01710",2020-04-09 11:12:40.000000,2020-04-09 11:20:50.000000,264,264,,"B01710"
"B02110",2020-04-13 06:31:00.000000,2020-04-13 06:43:52.000000,264,264,,"B01678"
"B01282",2020-04-08 05:20:00.000000,2020-04-08 05:45:22.000000,,244,,"B02875"
"B00821",2020-04-01 22:01:50.000000,2020-04-01 22:08:20.000000,264,258,,"B03021"
"B02461",2020-04-14 07:35:00.000000,2020-04-14 07:40:58.000000,264,116,,"B02461"
"B02546",2020-04-08 19:05:37.000000,2020-04-08 19:08:19.000000,264,60,,"B02546"
"B00647",2020-04-21 20:37:35.000000,2020-04-21 20:57:05.000000,264,51,,"B00647"
"B01315",2020-04-21 14:50:31.000000,2020-04-21 14:54:39.000000,264,250,,"B01315"
"B00310",2020-04-26 14:10:40.000000,2020-04-26 14:25:49.000000,264,208,,"B02878"
"B00911",2020-04-22 00:50:24.000000,2020-04-22 00:53:47.000000,264,47,,"B00911"
"B01328",2020-04-27 04:39:00.000000,2020-04-27 04:54:00.000000,235,242,,"B02534"
"B00254",2020-04-01 08:20:25.000000,2020-04-01 08:37:35.000000,87,80,,"B00254"
"B01308",2020-04-04 19:23:00.000000,2020-04-04 19:28:00.000000,264,264,,"B01308"
"B00802",2020-04-10 14:38:43.000000,2020-04-10 14:41:44.000000,,228,,"B00802"
"B03016",2020-04-06 06:31:01.000000,2020-04-06 06:43:36.000000,,213,,"B02788"
"B01051",2020-04-08 10:40:33.000000,2020-04-08 10:50:24.000000,,212,,"B01051"
"B01312",2020-04-06 03:51:06.000000,2020-04-06 04:03:36.000000,264,181,,"B03177"
"B00647",2020-04-04 11:26:56.000000,2020-04-04 11:31:54.000000,264,174,,"B00647"
"B02794",2020-04-16 19:09:09.000000,2020-04-16 19:17:09.000000,264,177,,"B00446"
"B03015",2020-04-18 11:59:26.000000,2020-04-18 12:09:19.000000,264,216,,"B03015"
"B03080",2020-04-06 11:17:51.000000,2020-04-06 11:25:13.000000,,130,,"B03080"
"B00821",2020-04-27 17:41:10.000000,2020-04-27 17:46:10.000000,264,63,,"B00821"
"B02971",2020-04-07 07:57:50.000000,2020-04-07 08:02:58.000000,264,69,,"B02971"
"B00900",2020-04-19 13:37:34.000000,2020-04-19 13:54:11.000000,264,82,,"B00900"
"B02901",2020-04-22 07:44:27.000000,2020-04-22 07:58:02.000000,264,137,,"B02901"
"B02550",2020-04-04 09:49:44.000000,2020-04-04 10:10:50.000000,,244,,"B02851"
"B00448",2020-04-09 17:32:09.000000,2020-04-09 17:56:09.000000,,35,,"B00448"
"B01231",2020-04-24 17:30:48.000000,2020-04-24 17:36:35.000000,264,256,,"B02617"
"B02003",2020-04-30 22:39:28.000000,2020-04-30 22:43:37.000000,,,,"B02003"
"B02461",2020-04-01 18:40:22.000000,2020-04-01 18:50:44.000000,264,169,,"B02461"
"B01145",2020-04-24 16:48:39.000000,2020-04-24 16:56:18.000000,264,47,,"B02875"
"B00160",2020-04-01 07:13:00.000000,2020-04-01 07:29:00.000000,264,264,,"B00160"
"B01239",2020-04-21 09:22:44.000000,2020-04-21 09:37:01.000000,,174,,"B02882"
"B02437",2020-04-01 06:57:13.000000,2020-04-01 07:00:13.000000,264,119,,"B02437"
"B01312",2020-04-03 09:11:49.000000,2020-04-03 09:20:31.000000,264,49,,"B03226"
"B01148",2020-04-21 08:22:00.000000,2020-04-21 08:29:25.000000,264,17,,"B02877"
"B03160",2020-04-05 04:24:00.000000,2020-04-05 04:58:00.000000,14,128,,"B02879"
"B01312",2020-04-17 18:21:51.000000,2020-04-17 18:23:18.000000,264,17,,"B02865"
"B03187",2020-04-09 07:09:17.000000,2020-04-09 07:09:36.000000,168,168,,"B03187"
"B01536",2020-04-22 13:14:56.000000,2020-04-22 13:24:39.000000,264,126,,"B01536"
"B01124         ",2020-04-30 10:21:14.000000,2020-04-30 10:33:12.000000,129,92,,"B01124         "
"B01051",2020-04-04 14:34:08.000000,2020-04-04 14:41:54.000000,,247,,"B01051"
"B00937",2020-04-18 12:48:59.000000,2020-04-18 12:59:37.000000,264,75,,"B00937"
"B00271",2020-04-07 03:55:48.000000,2020-04-07 04:11:15.000000,264,143,,"B00271"
"B00037",2020-04-01 13:12:52.000000,2020-04-01 13:19:44.000000,264,177,,"B02871"
"B02735",2020-04-04 08:58:48.000000,2020-04-04 09:12:44.000000,,94,,"B02872"
"B02782",2020-04-23 11:20:00.000000,2020-04-23 11:28:00.000000,,,,"B02782"
"B02901",2020-04-07 05:45:28.000000,2020-04-07 05:51:08.000000,264,74,,"B02901"
"B01469",2020-04-29 06:46:17.000000,2020-04-29 06:52:19.000000,264,35,,"B02867"
"B02782",2020-04-20 09:49:00.000000,2020-04-20 09:57:00.000000,,,,"B02782"
"B01437",2020-04-24 07:35:59.000000,2020-04-24 07:49:01.000000,264,216,,"B03227"
"B03015",2020-04-15 09:20:18.000000,2020-04-15 09:27:03.000000,264,95,,"B03015"
"B01051",2020-04-23 08:48:35.000000,2020-04-23 08:56:14.000000,,60,,"B01051"
"B02947",2020-04-10 09:30:00.000000,2020-04-10 09:55:39.000000,213,265,,"B02947"
"B02021",2020-04-12 08:51:52.000000,2020-04-12 09:02:52.000000,264,91,,"B02245"
"B02794",2020-04-17 11:08:17.000000,2020-04-17 11:17:26.000000,264,72,,"B02492"
"B00706",2020-04-29 10:03:31.000000,2020-04-29 10:51:18.000000,206,23,,"B00706"
"B01300",2020-04-14 20:55:15.000000,2020-04-14 21:05:36.000000,,74,,"B01300"
"B03016",2020-04-29 16:56:15.000000,2020-04-29 17:05:46.000000,,81,,"B02847"
"B00821",2020-04-16 05:23:45.000000,2020-04-16 05:55:46.000000,264,214,,"B01739"
"B00256",2020-04-10 17:04:56.000000,2020-04-10 18:59:45.000000,264,264,,"B00256"
"B01315",2020-04-23 21:22:17.000000,2020-04-23 21:36:32.000000,264,116,,"B01315"
"B01051",2020-04-04 14:53:54.000000,2020-04-04 15:00:10.000000,,147,,"B01051"
"B01145",2020-04-03 20:56:23.000000,2020-04-03 21:08:14.000000,264,241,,"B02682"
"B02905",2020-04-13 09:37:16.000000,2020-04-13 09:48:24.000000,,26,,"B02905"
"B03187",2020-04-07 08:36:38.000000,2020-04-07 08:36:56.000000,259,144,,"B03187"
"B02509",2020-04-04 06:04:28.000000,2020-04-04 06:10:35.000000,264,35,,"B02509"
"B01485",2020-04-24 08:11:10.000000,2020-04-24 08:17:32.000000,264,188,,"B01485"
"B01362",2020-04-01 10:51:50.000000,2020-04-01 11:04:10.000000,264,168,,"B01362"
"B00900",2020-04-13 13:39:07.000000,2020-04-13 14:00:50.000000,264,197,,"B00900"
"B03171",2020-04-23 14:18:42.000000,2020-04-23 14:30:34.000000,,129,,"B01455"
"B02552",2020-04-30 08:58:56.000000,2020-04-30 09:07:01.000000,242,242,,"B02534"
"B02162",2020-04-08 10:15:49.000000,2020-04-08 10:28:56.000000,264,35,,"1UBER"
"B03160",2020-04-02 06:44:00.000000,2020-04-02 06:51:00.000000,182,242,,"B02870"
"B01338",2020-04-25 05:37:21.000000,2020-04-25 05:44:59.000000,,69,,"B01338"
"B00706",2020-04-24 11:21:33.000000,2020-04-24 11:27:12.000000,206,206,,"B00706"
"B02534",2020-04-27 08:00:00.000000,2020-04-27 08:22:00.000000,265,168,,"B02534"
"B00900",2020-04-28 07:42:33.000000,2020-04-28 07:46:12.000000,264,197,,"B00900"
"B02826",2020-04-23 23:03:55.000000,2020-04-23 23:09:11.000000,,17,,"B02826"
"B01145",2020-04-16 21:58:36.000000,2020-04-16 22:04:52.000000,264,212,,"B02875"
"B02968",2020-04-30 06:36:03.000000,2020-04-30 06:43:16.000000,264,242,,"B02968"
"B00821",2020-04-10 19:34:33.000000,2020-04-10 19:38:47.000000,264,63,,"B00821"
"B00647",2020-04-09 06:46:15.000000,2020-04-09 06:59:32.000000,264,136,,"B00647"
"B03160",2020-04-13 05:24:00.000000,2020-04-13 05:29:00.000000,142,151,,"B02569"
"B02144",2020-04-29 10:00:00.000000,2020-04-29 10:40:00.000000,,,,"B02144"
"B03257",2020-04-29 16:26:06.000000,2020-04-29 16:30:11.000000,,108,,"B02844"
"B01300",2020-04-03 13:59:15.000000,2020-04-03 14:19:46.000000,,167,,"B01300"
"B01339",2020-04-24 14:06:00.000000,2020-04-24 14:15:05.000000,,244,,"B01339"
"B01899",2020-04-22 10:18:44.000000,2020-04-22 10:30:53.000000,264,264,,"B02110"
"B02550",2020-04-20 05:48:16.000000,2020-04-20 06:22:26.000000,,157,,"B02550"
"B03016",2020-04-17 13:15:50.000000,2020-04-17 13:27:32.000000,,182,,"B03016"
"B01420",2020-04-02 10:55:00.000000,2020-04-02 11:04:00.000000,,,,"B01420"
"B00037",2020-04-03 06:48:28.000000,2020-04-03 07:02:11.000000,264,222,,"B00037"
"B02947",2020-04-27 12:00:25.000000,2020-04-27 12:27:58.000000,265,244,,"B02947"
"B03017",2020-04-22 13:36:30.000000,2020-04-22 13:50:11.000000,78,3,,"B03017"
"B00821",2020-04-22 23:11:28.000000,2020-04-22 23:13:47.000000,264,35,,"B00821"
"B00014",2020-04-23 13:34:37.000000,2020-04-23 15:14:08.000000,,,,"B00014"
"B03060",2020-04-16 08:43:07.000000,2020-04-16 08:48:57.000000,264,55,,"B03060"
"B01710",2020-04-06 06:30:41.000000,2020-04-06 06:44:28.000000,264,264,,"B01710"
"B01145",2020-04-03 13:29:23.000000,2020-04-03 13:32:36.000000,264,247,,"B02884"
"B03060",2020-04-26 21:08:30.000000,2020-04-26 21:12:28.000000,264,123,,"B03060"
"B01417",2020-04-29 08:04:53.000000,2020-04-29 08:16:56.000000,264,264,,"B01417"
"B02546",2020-04-24 21:43:39.000000,2020-04-24 21:54:23.000000,264,168,,"B02546"
"B03002",2020-04-28 12:27:11.000000,2020-04-28 12:58:47.000000,,107,,"B03002"
"B00449",2020-04-30 15:39:43.000000,2020-04-30 16:03:47.000000,149,14,,"B01751"
"B02550",2020-04-28 14:03:00.000000,2020-04-28 14:27:12.000000,,157,,"B02869"
"B01469",2020-04-18 00:51:38.000000,2020-04-18 01:06:06.000000,264,102,,"B01469"
"B02550",2020-04-20 09:01:42.000000,2020-04-20 09:29:55.000000,,140,,"B02865"
"B02110",2020-04-17 04:09:00.000000,2020-04-17 04:19:20.000000,264,264,,"B02865"
"B03187",2020-04-24 10:01:33.000000,2020-04-24 11:45:51.000000,35,41,,"B03187"
"B00856",2020-04-06 14:53:41.000000,2020-04-06 15:00:16.000000,264,222,,"B03036"
"B02243",2020-04-17 15:32:25.000000,2020-04-17 15:41:00.000000,75,74,,"B02243"
"B01145",2020-04-11 21:34:13.000000,2020-04-11 21:43:22.000000,264,235,,"B02765"
"B01285",2020-04-16 10:39:01.000000,2020-04-16 10:50:58.000000,264,235,,"B01285"
"B01984",2020-04-21 05:59:00.000000,2020-04-21 06:05:00.000000,,228,,"B01984"
"B02437",2020-04-08 15:09:41.000000,2020-04-08 15:11:51.000000,264,247,,"B02437"
"B01145",2020-04-14 23:29:15.000000,2020-04-14 23:35:45.000000,264,174,,"B00221"
"B00855",2020-04-18 06:00:00.000000,2020-04-18 06:20:00.000000,86,117,,"B00855"
"B02550",2020-04-17 11:41:38.000000,2020-04-17 12:08:35.000000,,123,,"B02550"
"B01233",2020-04-29 05:34:04.000000,2020-04-29 05:36:25.000000,264,147,,"B01233"
"B01536",2020-04-07 09:11:37.000000,2020-04-07 09:19:23.000000,264,235,,"B01536"
"B02416",2020-04-03 18:48:41.000000,2020-04-03 19:07:53.000000,,,,
"B03160",2020-04-10 15:27:00.000000,2020-04-10 15:43:00.000000,41,69,,"B02569"
"B02735",2020-04-09 20:39:37.000000,2020-04-09 21:06:27.000000,,119,,"B01313"
"B02735",2020-04-15 07:04:24.000000,2020-04-15 07:16:54.000000,,200,,"B02735"
"B00789",2020-04-14 15:32:00.000000,2020-04-14 16:03:51.000000,,,,"B00789"
"B00900",2020-04-25 14:39:51.000000,2020-04-25 14:52:30.000000,264,160,,"B00900"
"B00457",2020-04-29 10:19:49.000000,2020-04-29 10:25:52.000000,,244,,"B00457"
"B01145",2020-04-05 02:06:32.000000,2020-04-05 02:18:35.000000,264,42,,"B02836"
"B02537",2020-04-19 13:11:44.000000,2020-04-19 13:17:03.000000,,241,,"B02537"
"B01145",2020-04-18 12:21:25.000000,2020-04-18 12:36:16.000000,264,47,,"B02971"
"B01145",2020-04-09 17:56:41.000000,2020-04-09 18:12:56.000000,264,42,,"B02875"
"B00310",2020-04-23 13:46:09.000000,2020-04-23 13:57:53.000000,264,78,,"B03047"
"B01239",2020-04-14 02:16:18.000000,2020-04-14 02:28:11.000000,,69,,"B02765"
"B00477",2020-04-15 16:21:40.000000,2020-04-15 17:10:44.000000,88,265,,"B00477"
"B02461",2020-04-28 22:19:09.000000,2020-04-28 22:37:21.000000,264,254,,"B02461"
"B02930",2020-04-29 18:55:34.000000,2020-04-29 19:09:53.000000,264,78,,"B02930"
"B01233",2020-04-27 12:55:19.000000,2020-04-27 13:01:07.000000,264,81,,"B01233"
"B00856",2020-04-13 10:35:31.000000,2020-04-13 10:40:32.000000,264,76,,"B02872"
"B01239",2020-04-21 14:30:23.000000,2020-04-21 14:36:08.000000,,51,,"B02882"
"B02735",2020-04-10 00:50:38.000000,2020-04-10 01:01:47.000000,,81,,"B02888"
"B01328",2020-04-20 04:44:00.000000,2020-04-20 05:05:00.000000,37,212,,"B02534"
"B01051",2020-04-14 06:39:10.000000,2020-04-14 06:43:47.000000,,18,,"B01051"
"B01710",2020-04-26 10:25:19.000000,2020-04-26 10:31:30.000000,264,264,,"B01710"
"B02550",2020-04-16 13:49:17.000000,2020-04-16 13:56:38.000000,,20,,"B03136"
"B01958",2020-04-04 10:25:00.000000,2020-04-04 10:48:00.000000,,,,"B02878"
"B01239",2020-04-28 11:01:40.000000,2020-04-28 11:16:43.000000,,47,,"B01239"
"B01259",2020-04-18 11:42:32.000000,2020-04-18 11:59:36.000000,264,77,,"B01259"
"B02794",2020-04-06 01:16:09.000000,2020-04-06 01:24:09.000000,264,61,,"B02520"
"B02461",2020-04-29 16:00:53.000000,2020-04-29 16:05:00.000000,264,214,,"B02461"
"B01454",2020-04-24 23:35:02.000000,2020-04-24 23:52:16.000000,264,188,,"B01454"
"B03166",2020-04-27 10:35:35.000000,2020-04-27 11:07:41.000000,67,140,,"B03166"
"B01145",2020-04-01 23:45:11.000000,2020-04-01 23:49:09.000000,264,159,,"B02864"
"B02003",2020-04-22 04:48:16.000000,2020-04-22 06:33:44.000000,,,,"B02003"
"B01470         ",2020-04-15 15:31:12.000000,2020-04-15 16:09:44.000000,191,19,,"B01470         "
"B00296",2020-04-24 21:47:46.000000,2020-04-24 22:23:25.000000,,,,"B00296"
"B03017",2020-04-16 16:01:19.000000,2020-04-16 16:11:09.000000,213,235,,"B03017"
"B02243",2020-04-20 07:33:46.000000,2020-04-20 08:02:22.000000,212,228,,"B02243"
"B01196",2020-04-16 13:58:04.000000,2020-04-16 14:09:14.000000,264,213,,"B01196"
"B00647",2020-04-11 07:28:00.000000,2020-04-11 07:37:57.000000,264,18,,"B00647"
"B01145",2020-04-05 02:34:06.000000,2020-04-05 02:39:13.000000,264,167,,"B02876"
"B02279         ",2020-04-24 06:54:08.000000,2020-04-24 07:02:40.000000,187,187,,"B02279         "
"B02715",2020-04-14 12:45:14.000000,2020-04-14 13:09:45.000000,141,225,,"B02876"
"B02563",2020-04-11 20:57:10.000000,2020-04-11 20:57:13.000000,264,198,,"B02563"
"B00856",2020-04-12 19:52:10.000000,2020-04-12 20:03:49.000000,264,198,,"B02872"
"B01726",2020-04-11 08:08:43.000000,2020-04-11 08:13:29.000000,,119,,"B01726"
"B03016",2020-04-05 16:36:37.000000,2020-04-05 16:41:20.000000,,3,,"B03016"
"B02461",2020-04-19 11:57:32.000000,2020-04-19 12:01:08.000000,264,244,,"B02461"
"B00706",2020-04-22 22:47:49.000000,2020-04-22 22:50:29.000000,221,206,,"B00706"
"B00856",2020-04-15 21:09:03.000000,2020-04-15 21:15:06.000000,264,76,,"B02875"
"B00647",2020-04-13 12:44:15.000000,2020-04-13 13:01:16.000000,264,243,,"B00647"
"B03107",2020-04-16 06:44:56.000000,2020-04-16 07:24:12.000000,212,68,,"B03107"
"B02947",2020-04-29 08:30:00.000000,2020-04-29 09:08:12.000000,117,75,,"B02947"
"B03017",2020-04-30 08:52:26.000000,2020-04-30 09:40:31.000000,97,159,,"B03017"
"B02550",2020-04-09 12:37:33.000000,2020-04-09 12:56:32.000000,,83,,"B02550"
"B00160",2020-04-03 13:36:00.000000,2020-04-03 13:46:00.000000,264,264,,"B00160"
"B01231",2020-04-02 07:57:16.000000,2020-04-02 08:01:44.000000,264,256,,"B02836"
"B01239",2020-04-02 05:21:39.000000,2020-04-02 05:33:53.000000,,174,,"B02875"
"B01811",2020-04-16 16:25:23.000000,2020-04-16 16:30:42.000000,264,169,,"B01811"
"B02107",2020-04-20 13:11:17.000000,2020-04-20 13:16:21.000000,,60,,"B02107"
"B01389",2020-04-15 09:13:50.000000,2020-04-15 09:16:02.000000,,20,,"B01389"
"B02133",2020-04-15 08:58:25.000000,2020-04-15 09:32:47.000000,264,264,,"B02844"
"B03016",2020-04-03 09:09:41.000000,2020-04-03 09:10:31.000000,,254,,"B03016"
"B01469",2020-04-20 23:11:39.000000,2020-04-20 23:14:54.000000,264,63,,"B01469"
"B01061",2020-04-14 18:09:54.000000,2020-04-14 18:28:33.000000,264,265,,"B01061"
"B02550",2020-04-23 08:02:37.000000,2020-04-23 08:07:12.000000,,193,,"B02844"
"B02437",2020-04-03 12:49:48.000000,2020-04-03 13:10:18.000000,264,241,,"B02437"
"B01051",2020-04-26 01:40:44.000000,2020-04-26 01:45:36.000000,,20,,"B01051"
"B00448",2020-04-06 16:11:29.000000,2020-04-06 16:38:02.000000,,89,,"B00628"
"B00887",2020-04-01 08:14:42.000000,2020-04-01 08:43:43.000000,,17,,"B00887"
"B00906",2020-04-01 10:27:22.000000,2020-04-01 10:42:45.000000,179,157,,"B00906"
"B03016",2020-04-15 20:39:07.000000,2020-04-15 20:45:06.000000,,81,,"B03016"
"B02138",2020-04-23 08:38:28.000000,2020-04-23 08:58:08.000000,264,228,,"B02138"
"B00221",2020-04-09 10:37:07.000000,2020-04-09 10:39:31.000000,,244,,"B00221"
"B01738",2020-04-22 10:35:51.000000,2020-04-22 10:43:15.000000,264,173,,"B01738"
"B01239",2020-04-24 15:41:21.000000,2020-04-24 15:51:19.000000,,265,,"B02878"
"B02709",2020-04-20 15:03:59.000000,2020-04-20 15:17:04.000000,264,264,,"B02709"
"B01051",2020-04-25 07:53:13.000000,2020-04-25 08:03:34.000000,,185,,"B01051"
"B01239",2020-04-03 11:28:48.000000,2020-04-03 11:39:30.000000,,51,,"B01239"
"B02968",2020-04-30 20:28:17.000000,2020-04-30 20:36:14.000000,264,126,,"B02968"
"B01726",2020-04-26 17:19:08.000000,2020-04-26 17:26:33.000000,,248,,"B01726"
"B01145",2020-04-06 15:13:39.000000,2020-04-06 15:29:08.000000,264,136,,"B02879"
"B02826",2020-04-23 12:52:04.000000,2020-04-23 12:54:25.000000,,49,,"B02826"
"B02550",2020-04-29 13:29:32.000000,2020-04-29 13:37:49.000000,,174,,"B02875"
"B03164",2020-04-16 15:28:16.000000,2020-04-16 15:34:33.000000,264,32,,"B03164"
"B01469",2020-04-03 11:36:49.000000,2020-04-03 11:38:56.000000,264,77,,"B02884"
"B02243",2020-04-02 14:21:27.000000,2020-04-02 15:18:01.000000,79,254,,"B02243"
"B03017",2020-04-27 12:20:07.000000,2020-04-27 12:30:39.000000,212,242,,"B03017"
"B01907",2020-04-12 22:56:31.000000,2020-04-12 23:24:17.000000,,37,,"B02682"
"B03160",2020-04-15 12:40:00.000000,2020-04-15 12:53:00.000000,168,213,,"B02759"
"B02550",2020-04-09 04:56:31.000000,2020-04-09 05:18:29.000000,,198,,"B01066"
"B02509",2020-04-27 11:26:13.000000,2020-04-27 12:17:47.000000,264,237,,"B02928"
"B01899",2020-04-25 10:04:14.000000,2020-04-25 10:47:00.000000,264,264,,"B01899"
"B00900",2020-04-01 13:12:51.000000,2020-04-01 13:20:13.000000,264,197,,"B00900"
"B01469",2020-04-09 08:34:20.000000,2020-04-09 08:37:22.000000,264,63,,"B00821"
"B02794",2020-04-28 21:05:10.000000,2020-04-28 21:37:43.000000,264,83,,"B02617"
"B02735",2020-04-05 13:57:55.000000,2020-04-05 14:37:10.000000,,240,,"B02864"
"B01312",2020-04-27 15:59:48.000000,2020-04-27 16:02:18.000000,264,217,,"B02764"
"B02437",2020-04-03 11:03:42.000000,2020-04-03 11:13:51.000000,264,42,,"B02437"
"B02803",2020-04-23 20:35:23.000000,2020-04-23 20:47:40.000000,169,126,,"B02803"
"B02534",2020-04-27 05:54:00.000000,2020-04-27 06:03:00.000000,94,78,,"B02534"
"B01726",2020-04-11 09:44:49.000000,2020-04-11 09:54:56.000000,,241,,"B01726"
"B01079",2020-04-28 05:55:18.000000,2020-04-28 06:06:16.000000,264,170,,"B01079"
"B01777",2020-04-26 21:05:24.000000,2020-04-26 21:08:44.000000,,235,,"B01777"
"B00789",2020-04-22 07:50:23.000000,2020-04-22 08:26:02.000000,,,,"B00789"
"B01420",2020-04-25 12:03:00.000000,2020-04-25 12:25:00.000000,,,,"B01420"
"B01964",2020-04-02 10:25:00.000000,2020-04-02 10:51:40.000000,10,138,,"B01964"
"B01482",2020-04-25 08:19:00.000000,2020-04-25 08:36:00.000000,264,264,,"B01482"
"B02509",2020-04-01 09:49:42.000000,2020-04-01 10:01:29.000000,264,174,,"B02877"
"B01777",2020-04-05 08:09:19.000000,2020-04-05 08:17:04.000000,,42,,"B01777"
"B00882",2020-04-23 23:22:23.000000,2020-04-23 23:23:07.000000,,41,,"B00882"
"B00412",2020-04-21 09:18:51.000000,2020-04-21 09:24:39.000000,264,264,,"B01899"
"B02550",2020-04-16 19:32:19.000000,2020-04-16 19:54:42.000000,,221,,"B02788"
"B02997",2020-04-08 13:24:56.000000,2020-04-08 14:20:39.000000,,254,,"B01087"
"B03016",2020-04-29 06:25:53.000000,2020-04-29 06:53:39.000000,,185,,"B02875"
"B01315",2020-04-03 10:24:57.000000,2020-04-03 10:46:02.000000,264,182,,"B01315"
"B01239",2020-04-15 22:51:38.000000,2020-04-15 23:09:15.000000,,242,,"B01239"
"B00856",2020-04-29 18:30:21.000000,2020-04-29 18:37:58.000000,264,177,,"B02872"
"B01843",2020-04-18 11:37:00.000000,2020-04-18 14:07:00.000000,,,,
"B02846",2020-04-15 12:03:49.000000,2020-04-15 12:30:20.000000,264,169,,"B02846"
"B02550",2020-04-23 10:03:07.000000,2020-04-23 10:06:43.000000,,244,,"B02876"
"B01065",2020-04-07 07:33:05.000000,2020-04-07 07:38:05.000000,264,74,,"B01065"
"B00412",2020-04-25 15:17:39.000000,2020-04-25 16:30:01.000000,264,264,,"B00412"
"B01065",2020-04-03 18:44:51.000000,2020-04-03 19:03:34.000000,264,120,,"B01065"
"B01717",2020-04-03 07:46:23.000000,2020-04-03 08:00:22.000000,264,41,,"B01717"
"B01312",2020-04-20 13:44:35.000000,2020-04-20 14:07:27.000000,264,55,,"B02207"
"B02826",2020-04-09 06:33:02.000000,2020-04-09 06:37:24.000000,,188,,"B02826"
"B02803",2020-04-03 09:15:00.000000,2020-04-03 09:20:17.000000,47,167,,"B02803"
"B01312",2020-04-06 08:37:00.000000,2020-04-06 08:47:22.000000,264,121,,"B03266"
"B02331",2020-04-24 17:53:48.000000,2020-04-24 18:05:40.000000,264,228,,"B02331"
"B00706",2020-04-26 20:58:49.000000,2020-04-26 21:14:51.000000,206,156,,"B00706"
"B02898",2020-04-30 09:17:29.000000,2020-04-30 09:22:32.000000,,41,,"B02898"
"B01346",2020-04-15 09:37:20.000000,2020-04-15 09:47:01.000000,,33,,"B01346"
"B02133",2020-04-14 12:13:02.000000,2020-04-14 12:21:53.000000,264,264,,"B01899"
"B01145",2020-04-05 04:01:51.000000,2020-04-05 04:13:19.000000,264,244,,"B02847"
"B00821",2020-04-29 09:50:36.000000,2020-04-29 10:01:34.000000,264,63,,"B00821"
"B02534",2020-04-09 13:36:00.000000,2020-04-09 13:49:00.000000,213,185,,"B02534"
"B03164",2020-04-20 07:24:48.000000,2020-04-20 07:39:21.000000,264,126,,"B03164"
"B00856",2020-04-06 12:36:42.000000,2020-04-06 12:49:06.000000,264,35,,"B02884"
"B01340",2020-04-10 16:33:45.000000,2020-04-10 16:53:46.000000,264,47,,"B01340"
"B03016",2020-04-01 08:09:17.000000,2020-04-01 08:18:04.000000,,174,,"B02875"
"B00856",2020-04-27 22:07:45.000000,2020-04-27 22:27:43.000000,264,89,,"B02887"
"B01339",2020-04-26 07:40:09.000000,2020-04-26 07:46:52.000000,,42,,"B01339"
"B02634",2020-04-25 12:27:07.000000,2020-04-25 12:28:19.000000,264,167,,"B02634"
"B01338",2020-04-15 15:45:31.000000,2020-04-15 15:58:25.000000,,169,,"B01338"
"B00277",2020-04-02 08:25:13.000000,2020-04-02 08:49:35.000000,,,,"B00277"
"B01437",2020-04-24 20:57:56.000000,2020-04-24 21:10:42.000000,264,76,,"B01626"
"B00706",2020-04-18 19:17:35.000000,2020-04-18 19:27:26.000000,221,206,,"B00706"
"B02846",2020-04-11 10:24:23.000000,2020-04-11 11:03:27.000000,264,61,,"B02878"
"B02803",2020-04-18 05:45:34.000000,2020-04-18 05:48:46.000000,42,42,,"B02803"
"B00856",2020-04-09 23:35:49.000000,2020-04-09 23:50:42.000000,264,39,,"B02875"
"B00821",2020-04-27 14:05:05.000000,2020-04-27 14:27:38.000000,264,33,,"B00821"
"B01745",2020-04-09 17:04:10.000000,2020-04-09 17:08:11.000000,,216,,"B01745"
"B00900",2020-04-04 15:02:21.000000,2020-04-04 15:07:33.000000,264,197,,"B00900"
"B00900",2020-04-25 08:30:18.000000,2020-04-25 08:39:31.000000,264,124,,"B00900"
"B02550",2020-04-13 05:06:43.000000,2020-04-13 05:20:28.000000,,212,,"B02875"
"B00860",2020-04-28 06:12:26.000000,2020-04-28 06:26:42.000000,264,147,,"B00860"
"B01984",2020-04-02 11:29:00.000000,2020-04-02 11:41:00.000000,,227,,"B01984"
"B01016",2020-04-04 13:42:43.000000,2020-04-04 13:46:58.000000,264,76,,"B01016"
"B01315",2020-04-15 17:54:20.000000,2020-04-15 17:58:27.000000,264,182,,"B01315"
"B01239",2020-04-04 17:53:25.000000,2020-04-04 18:13:07.000000,,254,,"B02877"
"B02735",2020-04-25 05:43:29.000000,2020-04-25 05:54:26.000000,,248,,"B02335"
"B01239",2020-04-22 18:49:49.000000,2020-04-22 19:07:15.000000,,41,,"B02875"
"B01536",2020-04-26 16:15:07.000000,2020-04-26 16:22:40.000000,264,247,,"B01536"
"B03016",2020-04-22 01:30:45.000000,2020-04-22 01:39:56.000000,,259,,"B02888"
"B03127",2020-04-18 10:20:33.000000,2020-04-18 10:40:03.000000,,219,,"B03127"
"B00900",2020-04-14 16:18:51.000000,2020-04-14 16:39:14.000000,264,35,,"B00900"
"B01995         ",2020-04-23 19:04:14.000000,2020-04-23 19:09:41.000000,173,173,,"B01995         "
"B03160",2020-04-17 04:58:00.000000,2020-04-17 09:12:00.000000,222,61,,"B02879"
"B00381",2020-04-02 23:51:03.000000,2020-04-03 00:15:01.000000,,,,"B00381"
"B02550",2020-04-27 11:14:49.000000,2020-04-27 11:26:31.000000,,242,,"B02534"
"B01239",2020-04-06 19:31:34.000000,2020-04-06 19:46:41.000000,,235,,"B02682"
"B02905",2020-04-28 10:39:31.000000,2020-04-28 10:43:20.000000,,227,,"B02905"
"B02107",2020-04-07 09:55:37.000000,2020-04-07 10:08:47.000000,,42,,"B02107"
"B01145",2020-04-01 12:13:25.000000,2020-04-01 12:26:08.000000,264,174,,"B01145"
"B02634",2020-04-17 07:36:51.000000,2020-04-17 07:39:26.000000,264,136,,"B02634"
"B01145",2020-04-18 12:54:51.000000,2020-04-18 13:03:39.000000,264,220,,"B02764"
"B02534",2020-04-29 11:02:00.000000,2020-04-29 11:36:00.000000,244,244,,"B02534"
"B00477",2020-04-10 18:34:37.000000,2020-04-10 18:34:47.000000,229,229,,"B00477"
"B01509",2020-04-21 22:57:24.000000,2020-04-21 23:02:05.000000,264,165,,"B01509"
"B00821",2020-04-28 09:43:22.000000,2020-04-28 10:06:30.000000,264,258,,"B00821"
"B01118",2020-04-27 17:31:06.000000,2020-04-27 17:57:29.000000,264,76,,"B01739"
"B01051",2020-04-30 06:36:15.000000,2020-04-30 06:47:44.000000,,126,,"B01051"
"B01339",2020-04-06 10:10:27.000000,2020-04-06 10:27:08.000000,,94,,"B01339"
"B02182",2020-04-14 08:02:17.000000,2020-04-14 08:07:15.000000,264,264,,"B01899"
"B01338",2020-04-04 08:09:31.000000,2020-04-04 08:23:35.000000,,60,,"B01338"
"B02067",2020-04-10 17:03:19.000000,2020-04-10 18:28:10.000000,264,265,,"B02067"
"B00449",2020-04-24 20:02:10.000000,2020-04-24 20:15:21.000000,123,108,,"B00449"
"B02162",2020-04-16 05:46:24.000000,2020-04-16 05:46:25.000000,264,168,,"1UBER"
"B02437",2020-04-14 12:04:40.000000,2020-04-14 12:06:44.000000,264,169,,"B02437"
"B02003",2020-04-10 11:50:16.000000,2020-04-10 12:04:35.000000,,,,"B02003"
"B02292",2020-04-24 14:15:09.000000,2020-04-24 14:36:53.000000,264,97,,"B02765"
"B00821",2020-04-13 19:27:09.000000,2020-04-13 19:34:46.000000,264,124,,"B02826"
"B02279         ",2020-04-23 14:00:59.000000,2020-04-23 14:07:00.000000,187,187,,"B02279         "
"B02735",2020-04-09 14:31:34.000000,2020-04-09 14:54:55.000000,,254,,"B02879"
"B02531",2020-04-17 12:30:00.000000,2020-04-17 13:30:00.000000,92,265,,"B02531"
"B03061",2020-04-20 08:51:55.000000,2020-04-20 09:02:40.000000,247,244,,"B03061"
"B02003",2020-04-03 12:52:43.000000,2020-04-03 12:52:48.000000,,,,"B02003"
"B01339",2020-04-26 17:28:14.000000,2020-04-26 17:37:02.000000,,152,,"B01339"
"B01091",2020-04-08 11:56:28.000000,2020-04-08 12:06:36.000000,264,264,,"B01091"
"B02794",2020-04-20 18:01:19.000000,2020-04-20 18:12:52.000000,264,61,,"B02887"
"B01239",2020-04-21 16:57:08.000000,2020-04-21 17:00:15.000000,,32,,"B02879"
"B02461",2020-04-27 10:35:09.000000,2020-04-27 10:41:06.000000,264,244,,"B02461"
"B01145",2020-04-01 18:52:24.000000,2020-04-01 18:58:35.000000,264,159,,"B02875"
"B03138",2020-04-15 17:00:00.000000,2020-04-15 17:36:00.000000,264,264,,"B02878"
"B00706",2020-04-19 05:50:11.000000,2020-04-19 05:55:23.000000,221,206,,"B00706"
"B02003",2020-04-21 11:13:55.000000,2020-04-21 11:33:34.000000,,,,"B02003"
"B02735",2020-04-21 14:59:03.000000,2020-04-21 15:07:13.000000,,254,,"B02735"
"B01239",2020-04-24 18:03:54.000000,2020-04-24 18:18:29.000000,,51,,"B02847"
"B03047",2020-04-09 12:20:33.000000,2020-04-09 12:24:07.000000,250,242,,"B03047"
"B02735",2020-04-30 12:28:18.000000,2020-04-30 12:42:48.000000,,213,,"B02871"
"B01145",2020-04-29 12:12:33.000000,2020-04-29 12:16:49.000000,264,247,,"B02971"
"B01437",2020-04-08 09:45:18.000000,2020-04-08 09:55:34.000000,264,180,,"B02836"
"B01469",2020-04-07 05:59:23.000000,2020-04-07 06:03:44.000000,264,76,,"B02867"
"B03060",2020-04-10 09:06:19.000000,2020-04-10 09:21:30.000000,264,71,,"B03060"
"B01984",2020-04-08 14:17:00.000000,2020-04-08 14:29:00.000000,,228,,"B01984"
"B00855",2020-04-01 07:00:00.000000,2020-04-01 07:30:00.000000,86,117,,"B00855"
"B02794",2020-04-27 11:17:20.000000,2020-04-27 11:46:51.000000,264,17,,"B02492"
"B03033",2020-04-18 10:43:51.000000,2020-04-18 11:00:10.000000,264,222,,"B03033"
"B01239",2020-04-14 21:28:03.000000,2020-04-14 21:41:38.000000,,47,,"B02875"
"B02509",2020-04-25 10:58:40.000000,2020-04-25 11:04:45.000000,264,147,,"B02864"
"B00310",2020-04-24 20:45:44.000000,2020-04-24 20:55:29.000000,264,167,,"B00310"
"B00821",2020-04-17 20:31:34.000000,2020-04-17 20:43:37.000000,264,102,,"B00821"
"B00647",2020-04-11 05:41:11.000000,2020-04-11 05:46:55.000000,264,78,,"B00647"
"B03016",2020-04-08 14:44:25.000000,2020-04-08 14:58:33.000000,,147,,"B02879"
"B03061",2020-04-17 09:03:34.000000,2020-04-17 09:24:33.000000,33,206,,"B03061"
"B03266",2020-04-25 11:07:19.000000,2020-04-25 11:15:20.000000,179,7,,"B03266"
"B01454",2020-04-06 20:49:15.000000,2020-04-06 21:00:21.000000,264,62,,"B01454"
"B00013",2020-04-25 17:52:50.000000,2020-04-25 18:13:51.000000,,,,"B00013"
"B00445",2020-04-17 13:48:12.000000,2020-04-17 13:48:21.000000,16,92,,"B00445"
"B02534",2020-04-01 11:59:00.000000,2020-04-01 12:41:00.000000,3,74,,"B02534"
"B00856",2020-04-10 10:08:13.000000,2020-04-10 10:30:28.000000,264,35,,"B02875"
"B01239",2020-04-10 13:52:36.000000,2020-04-10 14:04:52.000000,,32,,"B02875"
"B01452",2020-04-29 08:49:11.000000,2020-04-29 09:22:07.000000,206,44,,"B01452"
"B01312",2020-04-24 11:55:53.000000,2020-04-24 12:25:33.000000,264,55,,"B02550"
"B03060",2020-04-20 09:02:07.000000,2020-04-20 09:20:07.000000,264,188,,"B02682"
"B02163",2020-04-04 05:18:26.000000,2020-04-04 05:28:39.000000,264,71,,"B02163"
"B02352",2020-04-14 12:35:10.000000,2020-04-14 12:38:43.000000,,227,,"B02352"
"B00756",2020-04-22 14:16:00.000000,2020-04-22 14:39:00.000000,264,264,,"B02882"
"B02674",2020-04-24 22:07:06.000000,2020-04-24 22:20:00.000000,121,130,,"B02674"
"B01145",2020-04-14 07:43:17.000000,2020-04-14 07:52:20.000000,264,169,,"B02875"
"B02794",2020-04-14 22:58:26.000000,2020-04-14 23:12:09.000000,264,222,,"B02617"
"B02783",2020-04-08 17:43:36.000000,2020-04-08 18:01:51.000000,264,32,,"B02783"
"B01200",2020-04-24 07:51:21.000000,2020-04-24 07:59:47.000000,264,198,,"B01200"
"B00254",2020-04-29 08:39:57.000000,2020-04-29 08:53:51.000000,48,141,,"B00254"
"B01239",2020-04-12 16:50:01.000000,2020-04-12 16:59:42.000000,,259,,"B02877"
"B02849",2020-04-27 09:36:56.000000,2020-04-27 09:40:28.000000,264,217,,"B02849"
"B01087",2020-04-30 19:41:18.000000,2020-04-30 20:08:05.000000,265,68,,"B01087"
"B00310",2020-04-17 05:53:09.000000,2020-04-17 05:57:52.000000,264,126,,"B02887"
"B01231",2020-04-21 08:31:23.000000,2020-04-21 08:53:41.000000,264,61,,"B02918"
"B00149",2020-04-30 16:39:11.000000,2020-04-30 16:45:11.000000,264,225,,"B00149"
"B01145",2020-04-02 20:07:03.000000,2020-04-02 20:25:03.000000,264,136,,"B02800"
"B01312",2020-04-22 08:59:34.000000,2020-04-22 09:01:05.000000,264,196,,"B02888"
"B02634",2020-04-12 23:54:33.000000,2020-04-12 23:59:22.000000,264,169,,"B02634"
"B02429",2020-04-25 01:37:40.000000,2020-04-25 01:59:42.000000,155,22,,"B02429"
"B01091",2020-04-12 13:36:09.000000,2020-04-12 13:46:15.000000,,,,"B01091"
"B02826",2020-04-01 10:32:22.000000,2020-04-01 10:40:27.000000,,17,,"B02826"
"B02728",2020-04-17 00:42:46.000000,2020-04-17 00:51:06.000000,,259,,"B02728"
"B03080",2020-04-27 06:00:12.000000,2020-04-27 06:15:22.000000,,265,,"B02884"
"B01362",2020-04-02 06:33:26.000000,2020-04-02 06:40:02.000000,264,247,,"B01362"
"B01065",2020-04-30 13:34:49.000000,2020-04-30 13:40:35.000000,264,42,,"B01065"
"B03016",2020-04-02 10:51:50.000000,2020-04-02 11:04:11.000000,,183,,"B02869"
"B00021         ",2020-04-03 16:21:51.000000,2020-04-03 16:27:24.000000,82,129,,"B00021         "
"B01717",2020-04-15 16:45:53.000000,2020-04-15 16:55:05.000000,264,75,,"B01717"
"B01231",2020-04-23 11:58:46.000000,2020-04-23 12:06:14.000000,264,217,,"B02453"
"B01239",2020-04-25 20:45:55.000000,2020-04-25 20:53:17.000000,,3,,"B02872"
"B03060",2020-04-07 23:20:09.000000,2020-04-07 23:24:58.000000,264,165,,"B02889"
"B01145",2020-04-05 03:48:41.000000,2020-04-05 03:59:59.000000,264,18,,"B02800"
"B02988",2020-04-27 11:46:19.000000,2020-04-27 11:58:17.000000,,62,,"B02988"
"B03080",2020-04-28 14:40:48.000000,2020-04-28 14:55:57.000000,,71,,"B03080"
"B03164",2020-04-05 10:32:27.000000,2020-04-05 10:38:53.000000,264,169,,"B03164"
"B02674",2020-04-03 13:36:30.000000,2020-04-03 13:54:00.000000,129,179,,"B02674"
"B00221",2020-04-15 07:39:36.000000,2020-04-15 07:49:00.000000,,243,,"B00221"
"B01536",2020-04-06 16:40:26.000000,2020-04-06 16:54:52.000000,264,241,,"B01536"
"B02849",2020-04-03 16:02:31.000000,2020-04-03 16:10:03.000000,264,188,,"B02849"
"B01312",2020-04-17 04:12:35.000000,2020-04-17 04:21:51.000000,264,155,,"B02950"
"B01338",2020-04-28 08:23:05.000000,2020-04-28 08:31:20.000000,,241,,"B01338"
"B01087",2020-04-23 06:31:06.000000,2020-04-23 06:33:00.000000,145,170,,"B01087"
"B01239",2020-04-21 10:58:07.000000,2020-04-21 11:05:00.000000,,248,,"B02864"
"B00013",2020-04-24 17:29:02.000000,2020-04-24 17:34:36.000000,,,,"B00013"
"B00900",2020-04-08 13:49:31.000000,2020-04-08 14:05:51.000000,264,95,,"B00900"
"B00310",2020-04-03 12:37:02.000000,2020-04-03 12:45:06.000000,264,182,,"B00310"
"B00457",2020-04-04 17:50:01.000000,2020-04-04 18:19:53.000000,,147,,"B00457"
"B03160",2020-04-06 09:39:00.000000,2020-04-06 09:54:00.000000,75,88,,"B02887"
"B02719",2020-04-29 18:14:54.000000,2020-04-29 18:23:00.000000,264,174,,"B02719"
"B01745",2020-04-22 12:51:54.000000,2020-04-22 12:58:26.000000,,63,,"B01745"
"B00221",2020-04-05 14:01:00.000000,2020-04-05 14:01:11.000000,,244,,"B00221"
"B02550",2020-04-30 05:53:47.000000,2020-04-30 06:26:02.000000,,142,,"B02887"
"B02849",2020-04-21 11:11:16.000000,2020-04-21 11:12:38.000000,264,49,,"B02849"
"B00412",2020-04-11 11:55:15.000000,2020-04-11 12:08:34.000000,264,264,,"B02866"
"B01768",2020-04-27 15:31:38.000000,2020-04-27 15:44:29.000000,264,241,,"B01768"
"B02315",2020-04-19 21:26:43.000000,2020-04-19 21:37:17.000000,264,108,,"B02315"
"B01079",2020-04-14 08:41:31.000000,2020-04-14 08:41:36.000000,264,14,,"B01079"
"B00310",2020-04-14 11:41:00.000000,2020-04-14 11:44:20.000000,264,212,,"B02534"
"B00271",2020-04-17 19:01:55.000000,2020-04-17 19:23:19.000000,264,133,,"B00271"
"B01263",2020-04-30 20:15:51.000000,2020-04-30 20:21:34.000000,264,26,,"B01263"
"B02803",2020-04-16 08:30:00.000000,2020-04-16 08:37:20.000000,74,243,,"B02803"
"B01338",2020-04-25 11:27:46.000000,2020-04-25 11:49:38.000000,,213,,"B01338"
"B00149",2020-04-18 06:47:09.000000,2020-04-18 06:57:09.000000,264,97,,"B00149"
"B02735",2020-04-06 15:25:31.000000,2020-04-06 15:46:23.000000,,51,,"B02875"
"B02846",2020-04-24 08:34:51.000000,2020-04-24 09:02:54.000000,264,174,,"B02846"
"B03160",2020-04-18 06:05:00.000000,2020-04-18 06:45:00.000000,85,81,,"B02759"
"B02735",2020-04-26 14:49:15.000000,2020-04-26 14:59:34.000000,,185,,"B02872"
"B02110",2020-04-20 08:37:38.000000,2020-04-20 09:31:26.000000,264,264,,"B01678"
"B03160",2020-04-20 06:40:00.000000,2020-04-20 06:56:00.000000,47,51,,"B02872"
"B00882",2020-04-15 11:13:16.000000,2020-04-15 11:18:34.000000,,42,,"B00882"
"B02846",2020-04-29 11:22:36.000000,2020-04-29 12:09:38.000000,264,159,,"B02846"
"B01536",2020-04-19 17:49:37.000000,2020-04-19 17:58:08.000000,264,159,,"B01536"
"B00021         ",2020-04-05 12:49:22.000000,2020-04-05 12:56:30.000000,129,129,,"B00021         "
"B02735",2020-04-13 08:46:47.000000,2020-04-13 08:50:35.000000,,254,,"B01233"
"B01437",2020-04-18 21:02:36.000000,2020-04-18 21:05:14.000000,264,216,,"B03227"
"B01145",2020-04-05 19:56:24.000000,2020-04-05 19:59:31.000000,264,250,,"B02866"
"B02735",2020-04-08 21:37:23.000000,2020-04-08 21:43:50.000000,,3,,"B02875"
"B00932",2020-04-10 17:59:44.000000,2020-04-10 18:14:30.000000,264,39,,"B00932"
"B00647",2020-04-05 04:35:54.000000,2020-04-05 04:41:52.000000,264,174,,"B00647"
"B00531",2020-04-21 09:30:52.000000,2020-04-21 10:45:52.000000,89,265,,"B00531"
"B01197",2020-04-29 12:13:13.000000,2020-04-29 12:58:04.000000,,,,"B01197"
"B02534",2020-04-29 12:05:00.000000,2020-04-29 12:22:00.000000,3,168,,"B02534"
"B01233",2020-04-22 12:10:46.000000,2020-04-22 12:24:40.000000,264,240,,"B01233"
"B02437",2020-04-25 15:36:47.000000,2020-04-25 15:38:50.000000,264,18,,"B02437"
"B02546",2020-04-20 13:20:00.000000,2020-04-20 13:27:21.000000,264,247,,"B02546"
"B03016",2020-04-09 18:45:27.000000,2020-04-09 19:03:09.000000,,167,,"B03016"
"B03268         ",2020-04-29 00:44:39.000000,2020-04-29 01:33:30.000000,156,156,,"B03268         "
"B01145",2020-04-17 07:11:58.000000,2020-04-17 07:46:47.000000,264,48,,"B02875"
"B00860",2020-04-19 07:41:30.000000,2020-04-19 07:48:37.000000,264,200,,"B00860"
"B02285",2020-04-06 08:30:00.000000,2020-04-06 08:59:00.000000,264,264,,"B02285"
"B01726",2020-04-25 15:25:25.000000,2020-04-25 15:30:57.000000,,247,,"B01726"
"B02930",2020-04-05 18:34:44.000000,2020-04-05 18:43:23.000000,264,250,,"B02930"
"B01454",2020-04-21 08:40:26.000000,2020-04-21 08:46:26.000000,264,177,,"B01454"
"B03062",2020-04-20 13:57:13.000000,2020-04-20 14:05:57.000000,,213,,"B03062"
"B01145",2020-04-25 16:39:27.000000,2020-04-25 16:46:07.000000,264,167,,"B02971"
"B03016",2020-04-15 21:42:49.000000,2020-04-15 21:47:10.000000,,259,,"B02875"
"B01239",2020-04-21 15:29:31.000000,2020-04-21 15:46:08.000000,,185,,"B01285"
"B00536",2020-04-05 10:37:18.000000,2020-04-05 10:59:52.000000,,222,,"B00536"
"B01145",2020-04-23 22:44:49.000000,2020-04-23 22:56:13.000000,264,247,,"B02870"
"B03016",2020-04-27 06:00:56.000000,2020-04-27 06:06:06.000000,,240,,"B03016"
"B01899",2020-04-27 04:47:27.000000,2020-04-27 04:54:09.000000,264,264,,"B01899"
"B02461",2020-04-30 08:34:47.000000,2020-04-30 08:55:50.000000,264,247,,"B02461"
"B01779",2020-04-08 08:30:00.000000,2020-04-08 08:47:00.000000,,,,"B01779"
"B01051",2020-04-18 07:05:06.000000,2020-04-18 07:14:10.000000,,182,,"B01051"
"B00856",2020-04-29 06:35:52.000000,2020-04-29 06:41:42.000000,264,76,,"B03176"
"B01485",2020-04-23 15:52:50.000000,2020-04-23 16:08:02.000000,264,188,,"B01485"
"B03047",2020-04-03 10:38:47.000000,2020-04-03 11:20:57.000000,251,244,,"B03047"
"B01312",2020-04-10 07:14:42.000000,2020-04-10 07:38:04.000000,264,257,,"B02871"
"B01984",2020-04-24 13:18:00.000000,2020-04-24 13:21:00.000000,,16,,"B01984"
"B00310",2020-04-27 07:56:06.000000,2020-04-27 08:05:56.000000,264,78,,"B03047"
"B00706",2020-04-25 07:58:51.000000,2020-04-25 08:06:49.000000,206,115,,"B00706"
"B01312",2020-04-20 11:40:13.000000,2020-04-20 12:12:54.000000,264,59,,"B02765"
"B00445",2020-04-05 01:44:04.000000,2020-04-05 01:50:27.000000,92,92,,"B00445"
"B00448",2020-04-22 14:12:06.000000,2020-04-22 14:25:41.000000,,133,,"B00448"
"B02905",2020-04-21 15:02:36.000000,2020-04-21 15:04:48.000000,,26,,"B02905"
"B01239",2020-04-16 21:18:25.000000,2020-04-16 21:26:20.000000,,60,,"B02765"
"B01239",2020-04-25 06:00:31.000000,2020-04-25 06:16:12.000000,,94,,"B02866"
"B00310",2020-04-23 12:09:02.000000,2020-04-23 12:43:29.000000,264,212,,"B02887"
"B02849",2020-04-28 08:57:56.000000,2020-04-28 09:33:38.000000,264,47,,"B02849"
"B02133",2020-04-28 10:02:16.000000,2020-04-28 10:13:07.000000,264,264,,"B02844"
"B01061",2020-04-18 19:35:09.000000,2020-04-18 19:52:21.000000,264,75,,"B01061"
"B02735",2020-04-30 03:53:35.000000,2020-04-30 03:56:40.000000,,259,,"B02870"
"B02735",2020-04-21 02:10:37.000000,2020-04-21 02:15:30.000000,,254,,"B02875"
"B02352",2020-04-20 14:31:17.000000,2020-04-20 14:34:24.000000,,227,,"B02352"
"B03204",2020-04-18 08:00:58.000000,2020-04-18 09:20:41.000000,,76,,"B03204"
"B00221",2020-04-08 08:30:00.000000,2020-04-08 08:35:09.000000,,244,,"B00221"
"B00254",2020-04-02 11:01:17.000000,2020-04-02 11:25:50.000000,232,72,,"B00254"
"B01312",2020-04-30 05:24:03.000000,2020-04-30 05:25:11.000000,264,80,,"B02864"
"B00256",2020-04-28 16:29:48.000000,2020-04-28 17:09:04.000000,264,264,,"B00256"
"B01061",2020-04-30 17:10:30.000000,2020-04-30 17:23:13.000000,264,18,,"B01061"
"B01639",2020-04-14 20:10:16.000000,2020-04-14 20:17:58.000000,264,167,,"B01639"
"B02550",2020-04-30 12:06:50.000000,2020-04-30 12:24:36.000000,,260,,"B02550"
"B03016",2020-04-23 20:58:51.000000,2020-04-23 21:08:03.000000,,259,,"B02882"
"B02437",2020-04-29 15:07:36.000000,2020-04-29 15:17:24.000000,264,116,,"B02437"
"B01340",2020-04-17 09:28:20.000000,2020-04-17 09:36:30.000000,264,47,,"B01340"
"B02537",2020-04-25 19:38:41.000000,2020-04-25 19:51:45.000000,,168,,"B02537"
"B03017",2020-04-04 08:05:56.000000,2020-04-04 08:38:39.000000,212,25,,"B03017"
"B01091",2020-04-06 15:49:52.000000,2020-04-06 15:59:55.000000,264,264,,"B01091"
"B00706",2020-04-19 15:35:41.000000,2020-04-19 15:40:53.000000,206,221,,"B00706"
"B01768",2020-04-21 11:32:19.000000,2020-04-21 11:32:47.000000,264,74,,"B01768"
"B00647",2020-04-17 04:44:40.000000,2020-04-17 04:57:07.000000,264,126,,"B00647"
"B00254",2020-04-29 08:10:12.000000,2020-04-29 08:35:41.000000,51,265,,"B00254"
"B00789",2020-04-16 15:52:41.000000,2020-04-16 16:01:05.000000,,,,"B00789"
"B02243",2020-04-09 10:15:08.000000,2020-04-09 10:43:26.000000,228,212,,"B02243"
"B00647",2020-04-30 14:55:06.000000,2020-04-30 15:10:05.000000,264,78,,"B00647"
"B01016",2020-04-24 13:00:35.000000,2020-04-24 13:14:19.000000,264,35,,"B01016"
"B00706",2020-04-16 08:06:54.000000,2020-04-16 08:44:10.000000,115,148,,"B00706"
"B00225",2020-04-09 22:48:55.000000,2020-04-09 23:07:49.000000,264,74,,"B00225"
"B00412",2020-04-21 06:50:19.000000,2020-04-21 07:21:34.000000,264,264,,"B01899"
"B01482",2020-04-30 10:02:00.000000,2020-04-30 10:25:00.000000,264,264,,"B01482"
"B03016",2020-04-09 20:56:14.000000,2020-04-09 21:12:19.000000,,174,,"B02877"
"B01340",2020-04-24 16:40:22.000000,2020-04-24 16:52:43.000000,264,168,,"B01340"
"B01312",2020-04-07 09:05:46.000000,2020-04-07 09:21:39.000000,264,37,,"B02887"
"B02550",2020-04-22 22:22:08.000000,2020-04-22 22:40:01.000000,,153,,"B02864"
"B01051",2020-04-12 19:59:52.000000,2020-04-12 20:04:42.000000,,243,,"B01051"
"B01013",2020-04-16 15:25:00.000000,2020-04-16 16:00:00.000000,,,,"B01013"
"B02803",2020-04-28 15:30:31.000000,2020-04-28 15:39:14.000000,75,166,,"B02803"
"B00222",2020-04-03 14:05:27.000000,2020-04-03 14:16:55.000000,,168,,"B00222"
"B02709",2020-04-15 13:22:02.000000,2020-04-15 13:38:29.000000,264,264,,"B02709"
"B03016",2020-04-10 20:09:58.000000,2020-04-10 20:22:03.000000,,254,,"B02888"
"B02735",2020-04-07 14:55:29.000000,2020-04-07 15:07:26.000000,,247,,"B02877"
"B01710",2020-04-04 12:47:24.000000,2020-04-04 12:47:29.000000,264,264,,"B01710"
"B01964",2020-04-03 19:00:00.000000,2020-04-03 19:32:11.000000,265,132,,"B01964"
"B00900",2020-04-21 21:58:39.000000,2020-04-21 22:02:44.000000,264,258,,"B00900"
"B00900",2020-04-03 15:34:17.000000,2020-04-03 15:49:54.000000,264,77,,"B00900"
"B03060",2020-04-26 18:50:05.000000,2020-04-26 18:59:09.000000,264,26,,"B02492"
"B03016",2020-04-03 20:17:25.000000,2020-04-03 20:22:14.000000,,81,,"B02882"
"B01145",2020-04-03 13:41:06.000000,2020-04-03 13:57:43.000000,264,126,,"B02875"
"B02461",2020-04-27 08:41:47.000000,2020-04-27 08:45:49.000000,264,244,,"B02461"
"B01109",2020-04-25 17:56:09.000000,2020-04-25 18:08:09.000000,264,25,,"B01109"
"B01239",2020-04-21 16:27:01.000000,2020-04-21 16:44:12.000000,,81,,"B01239"
"B03016",2020-04-21 13:45:25.000000,2020-04-21 13:55:35.000000,,18,,"B02869"
"B01339",2020-04-18 18:56:55.000000,2020-04-18 19:06:52.000000,,169,,"B01339"
"B02546",2020-04-15 00:09:25.000000,2020-04-15 00:17:16.000000,264,59,,"B02546"
"B02968",2020-04-10 08:38:49.000000,2020-04-10 08:54:20.000000,264,41,,"B02968"
"B00412",2020-04-21 19:27:43.000000,2020-04-21 19:34:34.000000,264,264,,"B01899"
"B02437",2020-04-26 06:50:56.000000,2020-04-26 07:03:21.000000,264,182,,"B02437"
"B01312",2020-04-28 13:30:06.000000,2020-04-28 13:51:23.000000,264,28,,"B02682"
"B01239",2020-04-25 00:08:22.000000,2020-04-25 00:18:19.000000,,18,,"B01239"
"B00911",2020-04-20 08:12:29.000000,2020-04-20 08:35:39.000000,264,166,,"B00911"
"B01145",2020-04-30 17:20:23.000000,2020-04-30 17:24:17.000000,264,159,,"B01145"
"B01454",2020-04-17 22:27:48.000000,2020-04-17 22:42:35.000000,264,61,,"B01454"
"B03092",2020-04-27 09:30:00.000000,2020-04-27 10:37:00.000000,264,264,,"B03092"
"B01466",2020-04-09 20:27:24.000000,2020-04-09 20:32:22.000000,264,91,,"B01466"
"B00013",2020-04-26 15:57:52.000000,2020-04-26 16:38:12.000000,,,,"B00013"
"B00310",2020-04-06 13:31:04.000000,2020-04-06 13:39:40.000000,264,212,,"B02865"
"B01118",2020-04-08 10:40:43.000000,2020-04-08 11:00:18.000000,264,37,,"B02872"
"B03016",2020-04-05 19:13:04.000000,2020-04-05 19:28:03.000000,,254,,"B02882"
"B02182",2020-04-08 18:20:43.000000,2020-04-08 18:27:53.000000,264,264,,"B02883"
"B01536",2020-04-03 07:16:29.000000,2020-04-03 07:22:58.000000,264,126,,"B01536"
"B00492",2020-04-29 08:20:00.000000,2020-04-29 08:30:00.000000,259,174,,"B00492"
"B01871",2020-04-20 15:31:00.000000,2020-04-20 15:51:00.000000,,,,"B02800"
"B01808",2020-04-20 15:00:00.000000,2020-04-20 15:12:00.000000,264,264,,"B01808"
"B03016",2020-04-06 08:30:00.000000,2020-04-06 08:42:11.000000,,242,,"B02875"
"B01312",2020-04-08 02:06:21.000000,2020-04-08 02:09:34.000000,264,217,,"B03177"
"B03016",2020-04-10 06:28:21.000000,2020-04-10 06:38:18.000000,,259,,"B03016"
"B00856",2020-04-10 10:53:28.000000,2020-04-10 11:04:09.000000,264,39,,"B02869"
"B01536",2020-04-30 09:17:12.000000,2020-04-30 09:23:44.000000,264,174,,"B01536"
"B02803",2020-04-18 07:30:00.000000,2020-04-18 07:40:58.000000,7,137,,"B02803"
"B01984",2020-04-15 14:20:00.000000,2020-04-15 14:30:00.000000,,227,,"B01984"
"B02162",2020-04-05 02:49:58.000000,2020-04-05 02:52:06.000000,264,35,,"UBER"
"B01413",2020-04-22 15:47:37.000000,2020-04-22 16:00:20.000000,263,140,,"B01413"
"B02811",2020-04-15 13:39:00.000000,2020-04-15 13:50:14.000000,264,264,,"B02811 - M.L. Trips"
"B01145",2020-04-21 00:36:55.000000,2020-04-21 00:53:23.000000,264,78,,"B02971"
"B01091",2020-04-28 10:29:39.000000,2020-04-28 10:39:42.000000,,,,"B01091"
"B00445",2020-04-27 08:01:18.000000,2020-04-27 08:05:59.000000,252,252,,"B00445"
"B01340",2020-04-19 05:46:06.000000,2020-04-19 06:24:46.000000,264,76,,"B01340"
"B00597",2020-04-14 12:48:28.000000,2020-04-14 13:09:25.000000,264,264,,"B00597"
"B02661",2020-04-23 10:40:00.000000,2020-04-23 11:05:00.000000,221,221,,"B02661"
"B02947",2020-04-06 08:00:00.000000,2020-04-06 08:25:13.000000,63,75,,"B02947"
"B01616",2020-04-16 07:31:12.000000,2020-04-16 07:40:00.000000,,36,,"B01616"
"B01315",2020-04-20 10:25:43.000000,2020-04-20 10:37:10.000000,264,213,,"B01315"
"B00277",2020-04-24 14:50:32.000000,2020-04-24 15:41:26.000000,,,,"B00277"
"B01312",2020-04-09 12:38:45.000000,2020-04-09 12:46:50.000000,264,37,,"B02563"
"B01065",2020-04-05 19:17:50.000000,2020-04-05 19:45:39.000000,264,93,,"B01065"
"B00856",2020-04-01 14:47:00.000000,2020-04-01 15:00:27.000000,264,39,,"B00256"
"B03017",2020-04-14 08:08:07.000000,2020-04-14 08:26:44.000000,3,169,,"B03017"
"B00457",2020-04-27 09:15:11.000000,2020-04-27 09:24:25.000000,,169,,"B00457"
"B02437",2020-04-15 09:59:17.000000,2020-04-15 10:25:09.000000,264,174,,"B02437"
"B02107",2020-04-15 08:35:39.000000,2020-04-15 08:42:01.000000,,185,,"B02107"
"B02550",2020-04-20 14:19:01.000000,2020-04-20 14:34:32.000000,,254,,"B02550"
"B03060",2020-04-29 11:40:14.000000,2020-04-29 11:58:34.000000,264,149,,"B02871"
"B01061",2020-04-19 07:57:54.000000,2020-04-19 08:08:23.000000,264,3,,"B01061"
"B00789",2020-04-30 08:00:57.000000,2020-04-30 08:28:02.000000,,,,"B00789"
"B02947",2020-04-09 09:00:00.000000,2020-04-09 09:07:39.000000,247,78,,"B02947"
"B01328",2020-04-04 17:29:00.000000,2020-04-04 17:32:00.000000,119,75,,"B02534"
"B02794",2020-04-13 08:06:10.000000,2020-04-13 08:59:25.000000,264,75,,"B02492"
"B02003",2020-04-29 06:49:58.000000,2020-04-29 07:48:08.000000,,,,"B02003"
"B03023",2020-04-29 11:27:05.000000,2020-04-29 11:35:30.000000,75,119,,"B03023"
"B01061",2020-04-25 15:45:36.000000,2020-04-25 15:59:14.000000,264,51,,"B01061"
"B02550",2020-04-30 12:48:19.000000,2020-04-30 12:55:58.000000,,37,,"B02903"
"B03016",2020-04-01 07:36:09.000000,2020-04-01 07:54:02.000000,,162,,"B02864"
"B01239",2020-04-22 08:38:09.000000,2020-04-22 08:41:12.000000,,259,,"B02882"
"B01087",2020-04-22 21:00:26.000000,2020-04-22 21:22:22.000000,87,74,,"B01087"
"B00789",2020-04-05 22:49:05.000000,2020-04-05 23:25:37.000000,,,,"B00789"
"B01051",2020-04-30 23:48:01.000000,2020-05-01 00:38:55.000000,,213,,"B01051"
"B02550",2020-04-17 12:15:24.000000,2020-04-17 12:44:24.000000,,107,,"B02550"
"B01338",2020-04-27 10:35:51.000000,2020-04-27 10:39:59.000000,,185,,"B01338"
"B00310",2020-04-04 19:55:31.000000,2020-04-04 19:59:47.000000,264,248,,"B00310"
"B02834",2020-04-15 10:10:12.000000,2020-04-15 10:15:45.000000,227,14,,"B02834"
"B01964",2020-04-10 18:19:00.000000,2020-04-10 18:52:10.000000,132,1,,"B01964"
"B02534",2020-04-29 10:47:00.000000,2020-04-29 11:14:00.000000,140,10,,"B02534"
"B03002",2020-04-17 12:49:00.000000,2020-04-17 13:01:15.000000,,75,,"B03002"
"B02563",2020-04-22 07:39:45.000000,2020-04-22 07:42:03.000000,264,160,,"B02563"
"B00911",2020-04-20 03:53:27.000000,2020-04-20 04:02:36.000000,264,78,,"B00911"
"B03166",2020-04-02 15:56:21.000000,2020-04-02 16:37:46.000000,140,89,,"B03166"
"B02794",2020-04-20 01:00:09.000000,2020-04-20 01:05:21.000000,264,76,,"B02682"
"B02550",2020-04-16 08:21:43.000000,2020-04-16 08:30:28.000000,,160,,"B02869"
"B00008",2020-04-23 04:51:00.000000,2020-04-23 05:06:00.000000,264,264,,"B00008"
"B00014",2020-04-26 12:29:19.000000,2020-04-26 12:31:51.000000,,,,"B00014"
"B00855",2020-04-15 17:10:00.000000,2020-04-15 17:20:00.000000,86,117,,"B00855"
"B02461",2020-04-30 08:54:46.000000,2020-04-30 08:59:40.000000,264,42,,"B02461"
"B01485",2020-04-05 06:39:29.000000,2020-04-05 06:53:00.000000,264,76,,"B01485"
"B03060",2020-04-30 00:52:16.000000,2020-04-30 00:57:01.000000,264,22,,"B02617"
"B02677",2020-04-11 16:45:40.000000,2020-04-11 16:49:50.000000,264,39,,"B02677"
"B00706",2020-04-10 21:48:52.000000,2020-04-10 22:12:31.000000,206,156,,"B00706"
"B00647",2020-04-30 21:29:41.000000,2020-04-30 22:00:43.000000,264,169,,"B00647"
"B01811",2020-04-09 20:48:27.000000,2020-04-09 20:53:36.000000,264,42,,"B01811"
"B02416",2020-04-26 00:59:01.000000,2020-04-26 01:18:13.000000,,,,
"B00254",2020-04-30 08:00:25.000000,2020-04-30 08:30:41.000000,51,265,,"B00254"
"B01051",2020-04-07 09:18:58.000000,2020-04-07 09:27:47.000000,,250,,"B01051"
"B02794",2020-04-08 10:27:44.000000,2020-04-08 10:33:00.000000,264,71,,"B02794"
"B01899",2020-04-02 07:07:58.000000,2020-04-02 07:31:03.000000,264,264,,"B01899"
"B00310",2020-04-10 17:42:52.000000,2020-04-10 17:50:11.000000,264,31,,"B00310"
"B02437",2020-04-05 17:18:24.000000,2020-04-05 17:25:45.000000,264,152,,"B02437"
"B02881",2020-04-07 11:13:55.000000,2020-04-07 11:33:01.000000,117,265,,"B02881"
"B01454",2020-04-21 04:17:17.000000,2020-04-21 04:26:40.000000,264,188,,"B01454"
"B00381",2020-04-17 17:46:41.000000,2020-04-17 17:51:42.000000,,,,"B00381"
"B02550",2020-04-30 04:25:50.000000,2020-04-30 04:47:42.000000,,137,,"B03107"
"B00531",2020-04-25 12:20:13.000000,2020-04-25 13:46:13.000000,133,265,,"B00531"
"B01312",2020-04-26 10:12:34.000000,2020-04-26 10:36:44.000000,264,227,,"B02883"
"B00310",2020-04-11 12:21:41.000000,2020-04-11 12:23:54.000000,264,247,,"B02878"
"B00271",2020-04-23 16:13:29.000000,2020-04-23 16:32:01.000000,264,127,,"B00271"
"B02930",2020-04-25 14:07:01.000000,2020-04-25 14:10:43.000000,264,242,,"B02930"
"B00821",2020-04-02 18:24:55.000000,2020-04-02 18:28:03.000000,264,76,,"B02826"
"B01700",2020-04-08 03:49:00.000000,2020-04-08 04:15:00.000000,264,264,,"b01700"
"B03033",2020-04-25 19:29:49.000000,2020-04-25 19:35:03.000000,264,17,,"B03033"
"B02881",2020-04-28 12:53:49.000000,2020-04-28 13:13:38.000000,129,102,,"B02881"
"B01626",2020-04-15 06:54:55.000000,2020-04-15 06:57:58.000000,264,28,,"B01626"
"B00225",2020-04-19 15:19:31.000000,2020-04-19 15:42:25.000000,264,213,,"B02865"
"B03160",2020-04-17 15:09:00.000000,2020-04-17 15:24:00.000000,201,30,,"B02875"
"B02509",2020-04-13 07:07:08.000000,2020-04-13 07:12:06.000000,264,74,,"B02879"
"B00706",2020-04-12 20:01:08.000000,2020-04-12 20:10:34.000000,206,115,,"B00706"
"B02826",2020-04-28 09:00:09.000000,2020-04-28 09:49:17.000000,,117,,"B02826"
"B01871",2020-04-21 09:44:00.000000,2020-04-21 09:57:00.000000,,,,"B02800"
"B01877",2020-04-23 05:36:03.000000,2020-04-23 05:38:26.000000,,,,"B00306"
"B01285",2020-04-08 13:19:17.000000,2020-04-08 13:25:11.000000,264,119,,"B01285"
"B01639",2020-04-03 13:35:34.000000,2020-04-03 13:40:28.000000,264,42,,"B01639"
"B00310",2020-04-26 20:14:15.000000,2020-04-26 20:30:08.000000,264,254,,"B03136"
"B01899",2020-04-05 13:59:09.000000,2020-04-05 14:18:36.000000,264,264,,"B01899"
"B00013",2020-04-21 18:18:55.000000,2020-04-21 18:30:20.000000,,,,"B00013"
"B00597",2020-04-09 09:55:19.000000,2020-04-09 10:03:09.000000,264,264,,"B00597"
"B02437",2020-04-10 15:14:18.000000,2020-04-10 15:29:43.000000,264,213,,"B02437"
"B01312",2020-04-03 09:40:44.000000,2020-04-03 10:00:46.000000,264,17,,"B02883"
"B00448",2020-04-17 16:43:09.000000,2020-04-17 17:13:02.000000,,265,,"B00448"
"B02534",2020-04-17 09:54:00.000000,2020-04-17 10:36:00.000000,42,41,,"B02534"
"B01051",2020-04-14 23:25:44.000000,2020-04-14 23:39:13.000000,,116,,"B01051"
"B00227",2020-04-29 05:30:00.000000,2020-04-29 06:01:00.000000,264,264,,"B00227"
"B02550",2020-04-21 08:25:08.000000,2020-04-21 08:29:28.000000,,82,,"B02875"
"B01726",2020-04-26 19:15:17.000000,2020-04-26 19:26:15.000000,,69,,"B01726"
"B02920",2020-04-24 05:22:50.000000,2020-04-24 05:29:03.000000,264,168,,"B02920"
"B01340",2020-04-07 17:31:02.000000,2020-04-07 17:34:31.000000,264,153,,"B01340"
"B00856",2020-04-28 11:13:59.000000,2020-04-28 11:20:15.000000,264,76,,"B03176"
"B01239",2020-04-09 08:55:54.000000,2020-04-09 09:01:30.000000,,51,,"B01239"
"B02809",2020-04-24 09:36:49.000000,2020-04-24 10:02:38.000000,,242,,"B02809"
"B03160",2020-04-18 10:14:00.000000,2020-04-18 10:25:00.000000,265,259,,"B02872"
"B03060",2020-04-10 11:59:43.000000,2020-04-10 12:08:48.000000,264,210,,"B03060"
"B01312",2020-04-14 11:52:15.000000,2020-04-14 12:01:19.000000,264,85,,"B02765"
"B03164",2020-04-29 10:41:14.000000,2020-04-29 10:47:04.000000,264,18,,"B03164"
"B00900",2020-04-08 09:19:18.000000,2020-04-08 09:28:30.000000,264,63,,"B00900"
"B02968",2020-04-16 07:25:12.000000,2020-04-16 07:34:25.000000,264,182,,"B02968"
"B02905",2020-04-10 23:54:40.000000,2020-04-11 00:10:16.000000,,227,,"B02905"
"B02905",2020-04-19 22:40:13.000000,2020-04-19 22:47:06.000000,,133,,"B02905"
"B03137",2020-04-29 11:00:00.000000,2020-04-29 11:45:00.000000,264,264,,"B03137"
"B02573",2020-04-06 10:08:08.000000,2020-04-06 10:17:37.000000,,181,,"B02573"
"B01016",2020-04-01 07:37:26.000000,2020-04-01 07:38:53.000000,264,76,,"B01016"
"B03016",2020-04-16 09:29:49.000000,2020-04-16 09:49:58.000000,,69,,"B03016"
"B02794",2020-04-18 05:36:10.000000,2020-04-18 05:49:31.000000,264,188,,"B02492"
"B02138",2020-04-02 09:54:34.000000,2020-04-02 10:00:51.000000,264,26,,"B02138"
"B02138",2020-04-30 18:36:30.000000,2020-04-30 18:39:32.000000,264,22,,"B02138"
"B00856",2020-04-19 15:34:29.000000,2020-04-19 15:46:06.000000,264,37,,"B00856"
"B01312",2020-04-08 15:01:25.000000,2020-04-08 15:20:33.000000,264,45,,"B02888"
"B02162",2020-04-01 17:22:07.000000,2020-04-01 17:22:08.000000,264,169,,"1UBER"
"B02552",2020-04-23 12:28:54.000000,2020-04-23 13:19:33.000000,39,265,,"B02872"
"B01315",2020-04-30 06:43:42.000000,2020-04-30 06:53:49.000000,264,169,,"B01315"
"B03164",2020-04-27 12:05:02.000000,2020-04-27 12:16:38.000000,264,169,,"B03164"
"B01710",2020-04-23 13:53:47.000000,2020-04-23 14:14:36.000000,264,264,,"B01710"
"B00254",2020-04-18 00:32:40.000000,2020-04-18 00:56:22.000000,13,248,,"B00254"
"B02930",2020-04-18 22:48:47.000000,2020-04-18 22:52:17.000000,264,182,,"B02930"
"B01091",2020-04-06 14:26:05.000000,2020-04-06 14:41:11.000000,264,264,,"B01091"
"B01710",2020-04-20 18:38:38.000000,2020-04-20 19:09:14.000000,264,264,,"B01710"
"B00856",2020-04-16 02:02:26.000000,2020-04-16 02:06:55.000000,264,63,,"B02887"
"B01985",2020-04-07 16:47:00.000000,2020-04-07 17:04:00.000000,,,,"B01985"
"B01367",2020-04-23 16:44:14.000000,2020-04-23 17:12:31.000000,88,175,,"B01367"
"B02133",2020-04-29 08:06:25.000000,2020-04-29 08:40:07.000000,264,264,,"B02836"
"B01536",2020-04-16 20:39:03.000000,2020-04-16 21:22:11.000000,264,174,,"B01536"
"B01239",2020-04-17 22:20:09.000000,2020-04-17 22:41:29.000000,,182,,"B01239"
"B00937",2020-04-18 13:58:32.000000,2020-04-18 14:09:36.000000,264,243,,"B00937"
"B02653",2020-04-25 10:34:59.000000,2020-04-25 10:42:05.000000,264,247,,"B02653"
"B02799",2020-04-03 08:18:21.000000,2020-04-03 08:23:48.000000,,133,,"B02799"
"B02546",2020-04-22 19:18:17.000000,2020-04-22 19:32:16.000000,264,235,,"B02546"
"B00310",2020-04-25 07:16:23.000000,2020-04-25 07:19:03.000000,264,248,,"B01328"
"B03047",2020-04-10 08:13:13.000000,2020-04-10 08:17:55.000000,136,235,,"B03047"
"B02003",2020-04-01 16:36:09.000000,2020-04-01 16:37:40.000000,,,,"B02003"
"B01285",2020-04-07 00:00:09.000000,2020-04-07 00:04:41.000000,264,169,,"B01285"
"B00789",2020-04-29 17:26:42.000000,2020-04-29 18:01:47.000000,,,,"B00789"
"B02550",2020-04-08 13:00:04.000000,2020-04-08 13:15:56.000000,,254,,"B02877"
"B00802",2020-04-13 06:33:54.000000,2020-04-13 06:50:41.000000,,181,,"B00802"
"B00014",2020-04-27 06:19:07.000000,2020-04-27 06:40:54.000000,,,,"B00014"
"B00310",2020-04-10 15:24:17.000000,2020-04-10 15:36:46.000000,264,213,,"B00310"
"B02849",2020-04-29 15:05:17.000000,2020-04-29 15:25:17.000000,264,165,,"B02849"
"B00706",2020-04-17 07:51:24.000000,2020-04-17 07:55:33.000000,206,206,,"B00706"
"B01190",2020-04-22 11:16:19.000000,2020-04-22 11:25:50.000000,,36,,"B01190"
"B03016",2020-04-10 07:40:02.000000,2020-04-10 07:52:27.000000,,265,,"B02870"
"B00001",2020-04-20 11:00:00.000000,2020-04-20 15:48:00.000000,264,264,,"B00001"
"B02719",2020-04-06 06:45:04.000000,2020-04-06 06:53:27.000000,264,185,,"B02719"
"B00692",2020-04-28 23:37:13.000000,2020-04-28 23:49:06.000000,264,89,,"B00692"
"B01145",2020-04-29 17:38:20.000000,2020-04-29 17:52:15.000000,264,47,,"B02800"
"B01553",2020-04-07 08:02:54.000000,2020-04-07 08:09:15.000000,,258,,"B01553"
"B03055",2020-04-04 08:21:29.000000,2020-04-04 08:39:38.000000,264,62,,"B03055"
"B01312",2020-04-06 12:26:44.000000,2020-04-06 12:58:08.000000,264,63,,"B03202"
"B00856",2020-04-27 21:26:21.000000,2020-04-27 21:39:48.000000,264,85,,"B02765"
"B03080",2020-04-17 10:55:57.000000,2020-04-17 11:26:36.000000,,168,,"B02872"
"B02550",2020-04-01 14:44:15.000000,2020-04-01 14:59:50.000000,,235,,"B02865"
"B02437",2020-04-08 12:44:55.000000,2020-04-08 12:55:59.000000,264,235,,"B02437"
"B02968",2020-04-04 07:37:57.000000,2020-04-04 07:55:44.000000,264,241,,"B02968"
"B02826",2020-04-03 14:04:06.000000,2020-04-03 14:48:14.000000,,21,,"B02826"
"B00021         ",2020-04-17 17:39:08.000000,2020-04-17 17:49:40.000000,56,56,,"B00021         "
"B01899",2020-04-01 14:49:50.000000,2020-04-01 14:51:26.000000,264,264,,"B01899"
"B00706",2020-04-09 14:41:52.000000,2020-04-09 14:42:01.000000,221,206,,"B00706"
"B00911",2020-04-16 14:19:34.000000,2020-04-16 14:40:36.000000,264,244,,"B00911"
"B01454",2020-04-04 09:42:02.000000,2020-04-04 09:47:04.000000,264,61,,"B01454"
"B01338",2020-04-15 08:48:57.000000,2020-04-15 08:57:43.000000,,18,,"B01338"
"B00821",2020-04-25 19:38:32.000000,2020-04-25 19:47:07.000000,264,63,,"B00821"
"B01200",2020-04-13 11:42:40.000000,2020-04-13 11:51:46.000000,264,226,,"B01200"
"B02517         ",2020-04-01 07:25:30.000000,2020-04-01 07:54:43.000000,221,44,,"B02517         "
"B00802",2020-04-29 00:06:54.000000,2020-04-29 00:11:28.000000,,67,,"B00802"
"B01437",2020-04-23 16:02:02.000000,2020-04-23 16:21:22.000000,264,63,,"B03227"
"B02905",2020-04-11 13:03:26.000000,2020-04-11 13:10:05.000000,,111,,"B02905"
"B02855",2020-04-24 11:06:04.000000,2020-04-24 11:08:50.000000,264,188,,"B02855"
"B02653",2020-04-06 08:50:18.000000,2020-04-06 08:55:37.000000,264,241,,"B02653"
"B01899",2020-04-23 19:16:27.000000,2020-04-23 19:32:28.000000,264,264,,"B01899"
"B03016",2020-04-25 02:13:03.000000,2020-04-25 02:16:25.000000,,254,,"B03016"
"B02834",2020-04-03 18:00:00.000000,2020-04-03 18:11:33.000000,160,179,,"B02834"
"B03016",2020-04-15 00:18:40.000000,2020-04-15 00:22:28.000000,,259,,"B02888"
"B02243",2020-04-08 09:53:51.000000,2020-04-08 10:35:58.000000,49,78,,"B02243"
"B00271",2020-04-15 18:28:40.000000,2020-04-15 19:00:26.000000,264,265,,"B02866"
"B01367",2020-04-23 20:19:42.000000,2020-04-23 20:40:56.000000,239,212,,"B01367"
"B02653",2020-04-17 16:23:01.000000,2020-04-17 16:26:51.000000,264,119,,"B02653"
"B00472",2020-04-23 23:00:00.000000,2020-04-24 00:16:00.000000,,,,"B00472"
"B03016",2020-04-23 16:54:10.000000,2020-04-23 17:18:56.000000,,3,,"B02875"
"B02849",2020-04-15 10:53:46.000000,2020-04-15 11:16:53.000000,264,39,,"B02849"
"B01466",2020-04-22 00:10:31.000000,2020-04-22 00:17:29.000000,264,35,,"B01466"
"B01389",2020-04-04 15:09:04.000000,2020-04-04 15:09:43.000000,,69,,"B01389"
"B01995         ",2020-04-23 19:48:43.000000,2020-04-23 20:02:10.000000,129,260,,"B01995         "
"B03016",2020-04-14 22:48:37.000000,2020-04-14 22:56:56.000000,,259,,"B02882"
"B00706",2020-04-10 08:33:37.000000,2020-04-10 08:50:29.000000,221,23,,"B00706"
"B01485",2020-04-02 17:17:30.000000,2020-04-02 17:29:42.000000,264,177,,"B01485"
"B02905",2020-04-03 09:51:08.000000,2020-04-03 09:58:00.000000,,22,,"B02905"
"B01339",2020-04-04 16:40:13.000000,2020-04-04 16:51:03.000000,,119,,"B01339"
"B01984",2020-04-24 16:50:00.000000,2020-04-24 17:17:00.000000,,123,,"B01984"
"B01145",2020-04-19 21:06:03.000000,2020-04-19 21:20:59.000000,264,254,,"B02682"
"B01259",2020-04-03 18:25:38.000000,2020-04-03 18:29:31.000000,264,217,,"B01259"
"B02243",2020-04-30 08:18:05.000000,2020-04-30 08:58:38.000000,212,228,,"B02243"
"B02107",2020-04-16 15:20:33.000000,2020-04-16 16:10:46.000000,,159,,"B02107"
"B02846",2020-04-21 06:11:31.000000,2020-04-21 06:54:35.000000,264,148,,"B02846"
"B00856",2020-04-28 19:58:37.000000,2020-04-28 20:15:48.000000,264,62,,"B02875"
"B02735",2020-04-02 07:05:11.000000,2020-04-02 07:15:52.000000,,3,,"B02788"
"B02968",2020-04-15 09:18:08.000000,2020-04-15 09:21:20.000000,264,213,,"B02968"
"B01145",2020-04-22 03:50:16.000000,2020-04-22 03:59:09.000000,264,168,,"B02866"
"B01016",2020-04-14 12:05:07.000000,2020-04-14 12:22:02.000000,264,61,,"B01016"
"B01231",2020-04-05 14:14:42.000000,2020-04-05 14:23:37.000000,264,17,,"B02918"
"B01454",2020-04-03 11:18:39.000000,2020-04-03 12:17:16.000000,264,225,,"B01454"
"B03016",2020-04-22 17:21:09.000000,2020-04-22 17:29:42.000000,,265,,"B02765"
"B01315",2020-04-23 23:44:48.000000,2020-04-23 23:54:18.000000,264,182,,"B01315"
"B02470",2020-04-24 07:55:00.000000,2020-04-24 08:25:00.000000,246,255,,"B02470"
"B01553",2020-04-26 15:45:02.000000,2020-04-26 15:52:20.000000,,63,,"B01553"
"B03160",2020-04-30 03:57:00.000000,2020-04-30 04:18:00.000000,248,140,,"B02877"
"B01051",2020-04-15 06:11:13.000000,2020-04-15 06:22:16.000000,,168,,"B01051"
"B00889         ",2020-04-04 09:52:53.000000,2020-04-04 10:13:34.000000,82,82,,"B00889         "
"B02509",2020-04-15 06:28:24.000000,2020-04-15 07:01:29.000000,264,77,,"B02836"
"B02563",2020-04-13 23:13:31.000000,2020-04-13 23:14:42.000000,264,198,,"B02563"
"B01145",2020-04-24 23:14:52.000000,2020-04-24 23:22:37.000000,264,168,,"B02183"
"B01239",2020-04-05 09:21:38.000000,2020-04-05 09:29:51.000000,,32,,"B01285"
"B00821",2020-04-21 08:02:00.000000,2020-04-21 08:05:31.000000,264,180,,"B02764"
"B01338",2020-04-19 08:12:49.000000,2020-04-19 08:22:20.000000,,167,,"B01338"
"B01259",2020-04-30 12:30:28.000000,2020-04-30 12:35:57.000000,264,217,,"B01259"
"B02550",2020-04-15 15:35:17.000000,2020-04-15 15:50:21.000000,,124,,"B02550"
"B00021         ",2020-04-29 07:48:46.000000,2020-04-29 08:17:48.000000,196,7,,"B00021         "
"B01346",2020-04-16 09:51:07.000000,2020-04-16 09:54:48.000000,,106,,"B01346"
"B00310",2020-04-22 19:08:43.000000,2020-04-22 19:15:12.000000,264,126,,"B00310"
"B02021",2020-04-08 09:56:47.000000,2020-04-08 10:04:51.000000,264,123,,"B02245"
"B01239",2020-04-21 06:59:16.000000,2020-04-21 07:18:36.000000,,265,,"B01239"
"B03017",2020-04-03 11:39:35.000000,2020-04-03 11:58:29.000000,159,241,,"B03017"
"B00112",2020-04-05 23:07:00.000000,2020-04-06 00:00:58.000000,264,55,,"B00112"
"B01536",2020-04-21 15:51:06.000000,2020-04-21 16:13:24.000000,264,254,,"B01536"
"B00350",2020-04-04 11:23:48.000000,2020-04-04 11:32:31.000000,264,129,,"B03085"
"B00457",2020-04-10 06:45:42.000000,2020-04-10 06:49:39.000000,,47,,"B00457"
"B02846",2020-04-21 07:46:36.000000,2020-04-21 09:15:01.000000,264,61,,"B02878"
"B00856",2020-04-09 15:22:59.000000,2020-04-09 15:37:40.000000,264,61,,"B02872"
"B02826",2020-04-26 14:05:58.000000,2020-04-26 14:28:39.000000,,71,,"B02826"
"B00821",2020-04-11 11:51:20.000000,2020-04-11 12:00:39.000000,264,177,,"B00821"
"B01899",2020-04-06 09:13:29.000000,2020-04-06 09:27:17.000000,264,264,,"B01899"
"B03057",2020-04-30 00:20:06.000000,2020-04-30 00:23:39.000000,264,69,,"B03057"
"B01285",2020-04-13 00:49:39.000000,2020-04-13 01:29:54.000000,264,220,,"B01285"
"B02947",2020-04-03 12:30:00.000000,2020-04-03 12:45:53.000000,137,212,,"B02947"
"B00013",2020-04-20 16:04:28.000000,2020-04-20 16:25:51.000000,,,,"B00013"
"B00856",2020-04-24 22:54:40.000000,2020-04-24 22:58:05.000000,264,76,,"B02878"
"B03283",2020-04-27 08:00:00.000000,2020-04-27 09:00:00.000000,264,264,,
"B03016",2020-04-07 20:55:32.000000,2020-04-07 20:59:14.000000,,254,,"B02880"
"B00856",2020-04-04 15:39:28.000000,2020-04-04 15:42:51.000000,264,61,,"B02875"
"B00647",2020-04-06 13:29:51.000000,2020-04-06 13:38:02.000000,264,254,,"B00647"
"B03016",2020-04-10 10:52:22.000000,2020-04-10 10:58:10.000000,,185,,"B03136"
"B02509",2020-04-11 07:03:52.000000,2020-04-11 07:13:33.000000,264,242,,"B02887"
"B00457",2020-04-25 07:26:54.000000,2020-04-25 07:28:03.000000,,167,,"B00457"
"B01051",2020-04-29 19:45:38.000000,2020-04-29 19:54:37.000000,,78,,"B01051"
"B00647",2020-04-10 14:49:50.000000,2020-04-10 14:55:25.000000,264,147,,"B00647"
"B01051",2020-04-16 13:16:11.000000,2020-04-16 13:21:41.000000,,212,,"B01051"
"B02563",2020-04-14 11:09:08.000000,2020-04-14 11:12:54.000000,264,36,,"B02563"
"B01312",2020-04-22 16:23:10.000000,2020-04-22 16:33:57.000000,264,69,,"B03136"
"B02677",2020-04-15 17:11:35.000000,2020-04-15 17:18:14.000000,264,76,,"B02677"
"B02103",2020-04-06 11:49:15.000000,2020-04-06 12:00:49.000000,264,243,,"B02653"
"B02834",2020-04-25 05:00:00.000000,2020-04-25 05:09:05.000000,92,121,,"B02834"
"B02849",2020-04-30 16:26:25.000000,2020-04-30 16:38:18.000000,264,49,,"B02849"
"B00256",2020-04-08 16:25:27.000000,2020-04-08 17:04:05.000000,264,264,,"B00256"
"B01811",2020-04-20 01:23:04.000000,2020-04-20 01:28:24.000000,264,42,,"B01811"
"B00445",2020-04-08 09:46:51.000000,2020-04-08 10:05:14.000000,252,146,,"B00445"
"B02849",2020-04-09 15:26:45.000000,2020-04-09 15:37:56.000000,264,76,,"B02849"
"B01051",2020-04-18 07:55:34.000000,2020-04-18 08:07:59.000000,,74,,"B01051"
"B01726",2020-04-01 20:14:50.000000,2020-04-01 20:16:39.000000,,136,,"B01726"
"B02550",2020-04-14 09:31:57.000000,2020-04-14 09:59:31.000000,,139,,"B02877"
"B00037",2020-04-05 17:54:39.000000,2020-04-05 17:58:09.000000,264,188,,"B02871"
"B03080",2020-04-07 06:10:25.000000,2020-04-07 06:25:32.000000,,72,,"B02884"
"B00647",2020-04-22 06:35:09.000000,2020-04-22 06:38:10.000000,264,248,,"B00647"
"B01336",2020-04-03 09:16:00.000000,2020-04-03 09:58:00.000000,,,,"B01336"
"B00802",2020-04-14 20:54:07.000000,2020-04-14 20:57:12.000000,,67,,"B00802"
"B02898",2020-04-29 08:10:12.000000,2020-04-29 08:16:54.000000,,47,,"B02898"
"B02826",2020-04-23 10:14:02.000000,2020-04-23 10:21:56.000000,,97,,"B02826"
"B00900",2020-04-15 14:40:03.000000,2020-04-15 14:49:14.000000,264,197,,"B00900"
"B02550",2020-04-17 10:28:42.000000,2020-04-17 10:56:52.000000,,151,,"B02869"
"B00310",2020-04-14 09:55:47.000000,2020-04-14 10:08:13.000000,264,259,,"B03047"
"B01065",2020-04-28 12:43:34.000000,2020-04-28 12:48:36.000000,264,74,,"B01065"
"B00310",2020-04-19 07:32:11.000000,2020-04-19 07:39:45.000000,264,20,,"B00310"
"B00856",2020-04-06 09:00:45.000000,2020-04-06 09:21:47.000000,264,177,,"B02878"
"B02735",2020-04-14 20:00:38.000000,2020-04-14 20:14:41.000000,,47,,"B02875"
"B01667",2020-04-30 10:40:00.000000,2020-04-30 10:47:50.000000,264,171,,"B01667"
"B02826",2020-04-22 11:05:08.000000,2020-04-22 11:22:24.000000,,225,,"B02826"
"B01454",2020-04-29 23:46:28.000000,2020-04-29 23:56:13.000000,264,35,,"B01454"
"B02898",2020-04-16 07:09:20.000000,2020-04-16 07:15:40.000000,,41,,"B02898"
"B01338",2020-04-18 20:57:26.000000,2020-04-18 21:11:04.000000,,94,,"B01338"
"B02968",2020-04-17 09:36:30.000000,2020-04-17 09:51:27.000000,264,185,,"B02968"
"B01639",2020-04-04 21:55:49.000000,2020-04-04 22:01:14.000000,264,127,,"B01639"
"B00706",2020-04-20 11:25:51.000000,2020-04-20 11:31:42.000000,206,245,,"B00706"
"B02794",2020-04-25 11:50:09.000000,2020-04-25 11:54:29.000000,264,85,,"B02866"
"B00900",2020-04-16 18:23:15.000000,2020-04-16 18:42:46.000000,264,124,,"B00900"
"B01145",2020-04-15 15:37:36.000000,2020-04-15 15:41:21.000000,264,212,,"B01145"
"B02162",2020-04-06 08:03:38.000000,2020-04-06 08:18:28.000000,264,26,,"UBER"
"B00227",2020-04-08 08:00:00.000000,2020-04-08 08:17:00.000000,264,264,,"B00227"
"B02509",2020-04-24 07:51:43.000000,2020-04-24 08:00:28.000000,264,235,,"B02682"
"B01051",2020-04-20 20:32:45.000000,2020-04-20 20:36:19.000000,,167,,"B01051"
"B03204",2020-04-27 06:43:58.000000,2020-04-27 07:31:49.000000,,49,,"B02800"
"B03128",2020-04-22 05:00:00.000000,2020-04-22 05:05:00.000000,174,254,,"B03128"
"B00647",2020-04-03 13:29:18.000000,2020-04-03 13:41:04.000000,264,119,,"B00647"
"B01145",2020-04-15 13:08:09.000000,2020-04-15 13:12:44.000000,264,247,,"B01145"
"B03016",2020-04-15 09:30:13.000000,2020-04-15 09:41:50.000000,,185,,"B03016"
"B02968",2020-04-03 17:08:42.000000,2020-04-03 17:16:05.000000,264,212,,"B02968"
"B01454",2020-04-03 10:07:59.000000,2020-04-03 10:31:07.000000,264,80,,"B01454"
"B02437",2020-04-04 04:02:30.000000,2020-04-04 04:05:46.000000,264,126,,"B02437"
"B00911",2020-04-01 07:42:56.000000,2020-04-01 07:44:02.000000,264,78,,"B00911"
"B02416",2020-04-18 03:29:07.000000,2020-04-18 03:48:19.000000,,,,
"B02803",2020-04-24 13:54:54.000000,2020-04-24 14:04:05.000000,212,159,,"B02803"
"B01239",2020-04-05 21:35:04.000000,2020-04-05 21:52:33.000000,,42,,"B02888"
"B02849",2020-04-27 22:32:46.000000,2020-04-27 22:36:49.000000,264,217,,"B02849"
"B02101",2020-04-22 08:18:29.000000,2020-04-22 08:32:44.000000,264,50,,"B02101"
"B03187",2020-04-13 14:33:31.000000,2020-04-13 14:33:57.000000,117,78,,"B03187"
