file_path,file_name,file_record_type,file_year,file_month,file_num_rows,file_size_bytes,file_size_mbs,file_size_gbs
nyc-tlc/trip data/fhv_tripdata_2015-01.parquet,fhv_tripdata_2015-01.parquet,fhv,2015,1,2720786,12111775,11.550688743591309,0.011279969476163387
nyc-tlc/trip data/fhv_tripdata_2015-02.parquet,fhv_tripdata_2015-02.parquet,fhv,2015,2,3053183,13671243,13.03791332244873,0.012732337228953838
nyc-tlc/trip data/fhv_tripdata_2015-03.parquet,fhv_tripdata_2015-03.parquet,fhv,2015,3,3245472,9047823,8.628676414489746,0.008426441811025143
nyc-tlc/trip data/fhv_tripdata_2015-04.parquet,fhv_tripdata_2015-04.parquet,fhv,2015,4,3874538,10762303,10.263731956481934,0.010023175738751888
nyc-tlc/trip data/fhv_tripdata_2015-05.parquet,fhv_tripdata_2015-05.parquet,fhv,2015,5,4232122,12009241,11.45290470123291,0.011184477247297764
nyc-tlc/trip data/fhv_tripdata_2015-06.parquet,fhv_tripdata_2015-06.parquet,fhv,2015,6,4240561,12011625,11.455178260803223,0.011186697520315647
nyc-tlc/trip data/fhv_tripdata_2015-07.parquet,fhv_tripdata_2015-07.parquet,fhv,2015,7,4384986,19571143,18.664496421813965,0.0182270472869277
nyc-tlc/trip data/fhv_tripdata_2015-08.parquet,fhv_tripdata_2015-08.parquet,fhv,2015,8,5261388,22623655,21.57559871673584,0.021069920621812344
nyc-tlc/trip data/fhv_tripdata_2015-09.parquet,fhv_tripdata_2015-09.parquet,fhv,2015,9,6582838,25998858,24.794443130493164,0.02421332336962223
nyc-tlc/trip data/fhv_tripdata_2015-10.parquet,fhv_tripdata_2015-10.parquet,fhv,2015,10,8585373,33084986,31.55230140686035,0.030812794342637062
nyc-tlc/trip data/fhv_tripdata_2015-11.parquet,fhv_tripdata_2015-11.parquet,fhv,2015,11,8318476,32194935,30.703482627868652,0.02998386975377798
nyc-tlc/trip data/fhv_tripdata_2015-12.parquet,fhv_tripdata_2015-12.parquet,fhv,2015,12,8888809,35365052,33.726741790771484,0.03293627128005028
nyc-tlc/trip data/fhv_tripdata_2016-01.parquet,fhv_tripdata_2016-01.parquet,fhv,2016,1,8510803,34388277,32.79521656036377,0.032026578672230244
nyc-tlc/trip data/fhv_tripdata_2016-02.parquet,fhv_tripdata_2016-02.parquet,fhv,2016,2,9427825,37920087,36.16341304779053,0.03531583305448294
nyc-tlc/trip data/fhv_tripdata_2016-03.parquet,fhv_tripdata_2016-03.parquet,fhv,2016,3,9613395,38465791,36.683836936950684,0.0358240595087409
nyc-tlc/trip data/fhv_tripdata_2016-04.parquet,fhv_tripdata_2016-04.parquet,fhv,2016,4,10138188,40845830,38.9536190032959,0.03804064355790615
nyc-tlc/trip data/fhv_tripdata_2016-05.parquet,fhv_tripdata_2016-05.parquet,fhv,2016,5,10739532,43777276,41.749263763427734,0.0407707653939724
nyc-tlc/trip data/fhv_tripdata_2016-06.parquet,fhv_tripdata_2016-06.parquet,fhv,2016,6,10768623,44016304,41.97721862792969,0.040993377566337585
nyc-tlc/trip data/fhv_tripdata_2016-07.parquet,fhv_tripdata_2016-07.parquet,fhv,2016,7,10977358,45241214,43.14538383483887,0.04213416390120983
nyc-tlc/trip data/fhv_tripdata_2016-08.parquet,fhv_tripdata_2016-08.parquet,fhv,2016,8,11224963,45826583,43.70363521575928,0.04267933126538992
nyc-tlc/trip data/fhv_tripdata_2016-09.parquet,fhv_tripdata_2016-09.parquet,fhv,2016,9,11759658,49081958,46.80820274353027,0.04571113549172878
nyc-tlc/trip data/fhv_tripdata_2016-10.parquet,fhv_tripdata_2016-10.parquet,fhv,2016,10,12657985,52452093,50.02221393585205,0.04884981829673052
nyc-tlc/trip data/fhv_tripdata_2016-11.parquet,fhv_tripdata_2016-11.parquet,fhv,2016,11,12436993,51186052,48.814823150634766,0.04767072573304176
nyc-tlc/trip data/fhv_tripdata_2016-12.parquet,fhv_tripdata_2016-12.parquet,fhv,2016,12,13858760,56953884,54.31545639038086,0.05304243788123131
nyc-tlc/trip data/fhv_tripdata_2017-01.parquet,fhv_tripdata_2017-01.parquet,fhv,2017,1,13657539,57547963,54.88201427459717,0.0535957170650363
nyc-tlc/trip data/fhv_tripdata_2017-02.parquet,fhv_tripdata_2017-02.parquet,fhv,2017,2,13284960,56404072,53.791114807128906,0.05253038555383682
nyc-tlc/trip data/fhv_tripdata_2017-03.parquet,fhv_tripdata_2017-03.parquet,fhv,2017,3,15703098,66749406,63.65719413757324,0.06216522864997387
nyc-tlc/trip data/fhv_tripdata_2017-04.parquet,fhv_tripdata_2017-04.parquet,fhv,2017,4,14764943,62883425,59.97030735015869,0.05856475327163935
nyc-tlc/trip data/fhv_tripdata_2017-05.parquet,fhv_tripdata_2017-05.parquet,fhv,2017,5,15397393,67217663,64.10375881195068,0.06260132696479559
nyc-tlc/trip data/fhv_tripdata_2017-06.parquet,fhv_tripdata_2017-06.parquet,fhv,2017,6,15365121,140101048,133.61077117919922,0.13047926872968674
nyc-tlc/trip data/fhv_tripdata_2017-07.parquet,fhv_tripdata_2017-07.parquet,fhv,2017,7,15672674,143619565,136.966290473938,0.13375614304095507
nyc-tlc/trip data/fhv_tripdata_2017-08.parquet,fhv_tripdata_2017-08.parquet,fhv,2017,8,15906264,145294907,138.56402111053467,0.1353164268657565
nyc-tlc/trip data/fhv_tripdata_2017-09.parquet,fhv_tripdata_2017-09.parquet,fhv,2017,9,16621486,151016071,144.02014827728271,0.1406446760520339
nyc-tlc/trip data/fhv_tripdata_2017-10.parquet,fhv_tripdata_2017-10.parquet,fhv,2017,10,17893057,162177443,154.66446208953857,0.15103951375931501
nyc-tlc/trip data/fhv_tripdata_2017-11.parquet,fhv_tripdata_2017-11.parquet,fhv,2017,11,18053806,163803697,156.2153787612915,0.15255408082157373
nyc-tlc/trip data/fhv_tripdata_2017-12.parquet,fhv_tripdata_2017-12.parquet,fhv,2017,12,19989217,181409875,173.00593852996826,0.16895111184567213
nyc-tlc/trip data/fhv_tripdata_2018-01.parquet,fhv_tripdata_2018-01.parquet,fhv,2018,1,19808094,180474969,172.11434268951416,0.16808041278272867
nyc-tlc/trip data/fhv_tripdata_2018-02.parquet,fhv_tripdata_2018-02.parquet,fhv,2018,2,19350693,174616810,166.52756690979004,0.16262457706034184
nyc-tlc/trip data/fhv_tripdata_2018-03.parquet,fhv_tripdata_2018-03.parquet,fhv,2018,3,21985270,198108798,188.93127250671387,0.18450319580733776
nyc-tlc/trip data/fhv_tripdata_2018-04.parquet,fhv_tripdata_2018-04.parquet,fhv,2018,4,21049621,191446020,182.57715225219727,0.1782980002462864
nyc-tlc/trip data/fhv_tripdata_2018-05.parquet,fhv_tripdata_2018-05.parquet,fhv,2018,5,21565752,196318339,187.22375774383545,0.1828357009217143
nyc-tlc/trip data/fhv_tripdata_2018-06.parquet,fhv_tripdata_2018-06.parquet,fhv,2018,6,21137951,191936464,183.0448760986328,0.1787547618150711
nyc-tlc/trip data/fhv_tripdata_2018-07.parquet,fhv_tripdata_2018-07.parquet,fhv,2018,7,21599714,197385623,188.24159908294678,0.1838296866044402
nyc-tlc/trip data/fhv_tripdata_2018-08.parquet,fhv_tripdata_2018-08.parquet,fhv,2018,8,22120593,201780696,192.43306732177734,0.1879229173064232
nyc-tlc/trip data/fhv_tripdata_2018-09.parquet,fhv_tripdata_2018-09.parquet,fhv,2018,9,22151736,201448220,192.11599349975586,0.18761327490210533
nyc-tlc/trip data/fhv_tripdata_2018-10.parquet,fhv_tripdata_2018-10.parquet,fhv,2018,10,23289768,212541078,202.69496726989746,0.19794430397450924
nyc-tlc/trip data/fhv_tripdata_2018-11.parquet,fhv_tripdata_2018-11.parquet,fhv,2018,11,22911479,208557336,198.8957748413086,0.19423415511846542
nyc-tlc/trip data/fhv_tripdata_2018-12.parquet,fhv_tripdata_2018-12.parquet,fhv,2018,12,23904082,216961802,206.91089820861816,0.20206142403185368
nyc-tlc/trip data/fhv_tripdata_2019-01.parquet,fhv_tripdata_2019-01.parquet,fhv,2019,1,23159064,210707424,200.94625854492188,0.19623658061027527
nyc-tlc/trip data/fhv_tripdata_2019-02.parquet,fhv_tripdata_2019-02.parquet,fhv,2019,2,1707650,15282636,14.574657440185547,0.014233063906431198
nyc-tlc/trip data/fhv_tripdata_2019-03.parquet,fhv_tripdata_2019-03.parquet,fhv,2019,3,1475569,13576299,12.947367668151855,0.012643913738429546
nyc-tlc/trip data/fhv_tripdata_2019-04.parquet,fhv_tripdata_2019-04.parquet,fhv,2019,4,1937850,17074503,16.283514976501465,0.015901870094239712
nyc-tlc/trip data/fhv_tripdata_2019-05.parquet,fhv_tripdata_2019-05.parquet,fhv,2019,5,2073045,18204679,17.361334800720215,0.016954428516328335
nyc-tlc/trip data/fhv_tripdata_2019-06.parquet,fhv_tripdata_2019-06.parquet,fhv,2019,6,2009888,17769396,16.946216583251953,0.016549039632081985
nyc-tlc/trip data/fhv_tripdata_2019-07.parquet,fhv_tripdata_2019-07.parquet,fhv,2019,7,1947743,17313821,16.511746406555176,0.01612475235015154
nyc-tlc/trip data/fhv_tripdata_2019-08.parquet,fhv_tripdata_2019-08.parquet,fhv,2019,8,1880408,17309069,16.507214546203613,0.016120326705276966
nyc-tlc/trip data/fhv_tripdata_2019-09.parquet,fhv_tripdata_2019-09.parquet,fhv,2019,9,1248520,12256014,11.68824577331543,0.01141430251300335
nyc-tlc/trip data/fhv_tripdata_2019-10.parquet,fhv_tripdata_2019-10.parquet,fhv,2019,10,1897856,18344035,17.494235038757324,0.01708421390503645
nyc-tlc/trip data/fhv_tripdata_2019-11.parquet,fhv_tripdata_2019-11.parquet,fhv,2019,11,1879487,18162486,17.321096420288086,0.016915133222937584
nyc-tlc/trip data/fhv_tripdata_2019-12.parquet,fhv_tripdata_2019-12.parquet,fhv,2019,12,2044196,19638634,18.72886085510254,0.018289903178811073
nyc-tlc/trip data/fhv_tripdata_2020-01.parquet,fhv_tripdata_2020-01.parquet,fhv,2020,1,2028587,19492091,18.589106559753418,0.018153424374759197
nyc-tlc/trip data/fhv_tripdata_2020-02.parquet,fhv_tripdata_2020-02.parquet,fhv,2020,2,1913495,18463458,17.608125686645508,0.017195435240864754
nyc-tlc/trip data/fhv_tripdata_2020-03.parquet,fhv_tripdata_2020-03.parquet,fhv,2020,3,1441864,14325187,13.6615629196167,0.013341370038688183
nyc-tlc/trip data/fhv_tripdata_2020-04.parquet,fhv_tripdata_2020-04.parquet,fhv,2020,4,566426,6487973,6.187413215637207,0.00604239571839571
nyc-tlc/trip data/fhv_tripdata_2020-05.parquet,fhv_tripdata_2020-05.parquet,fhv,2020,5,774970,8462643,8.070605278015137,0.007881450466811657
nyc-tlc/trip data/fhv_tripdata_2020-06.parquet,fhv_tripdata_2020-06.parquet,fhv,2020,6,1011867,10657161,10.163460731506348,0.009925254620611668
nyc-tlc/trip data/fhv_tripdata_2020-07.parquet,fhv_tripdata_2020-07.parquet,fhv,2020,7,1127489,11741599,11.197661399841309,0.010935216210782528
nyc-tlc/trip data/fhv_tripdata_2020-08.parquet,fhv_tripdata_2020-08.parquet,fhv,2020,8,1184036,12333513,11.762154579162598,0.011486479081213474
nyc-tlc/trip data/fhv_tripdata_2020-09.parquet,fhv_tripdata_2020-09.parquet,fhv,2020,9,1271036,12994527,12.392546653747559,0.01210209634155035
nyc-tlc/trip data/fhv_tripdata_2020-10.parquet,fhv_tripdata_2020-10.parquet,fhv,2020,10,1254734,12814343,12.220709800720215,0.011934286914765835
nyc-tlc/trip data/fhv_tripdata_2020-11.parquet,fhv_tripdata_2020-11.parquet,fhv,2020,11,1206356,12335235,11.76379680633545,0.011488082818686962
nyc-tlc/trip data/fhv_tripdata_2020-12.parquet,fhv_tripdata_2020-12.parquet,fhv,2020,12,1164605,12027645,11.47045612335205,0.011201617307960987
nyc-tlc/trip data/fhv_tripdata_2021-01.parquet,fhv_tripdata_2021-01.parquet,fhv,2021,1,1154112,11886281,11.335640907287598,0.011069961823523045
nyc-tlc/trip data/fhv_tripdata_2021-02.parquet,fhv_tripdata_2021-02.parquet,fhv,2021,2,1037692,10645466,10.152307510375977,0.00991436280310154
nyc-tlc/trip data/fhv_tripdata_2021-03.parquet,fhv_tripdata_2021-03.parquet,fhv,2021,3,1302665,13167110,12.557134628295898,0.012262826785445213
nyc-tlc/trip data/fhv_tripdata_2021-04.parquet,fhv_tripdata_2021-04.parquet,fhv,2021,4,1267018,12857489,12.261857032775879,0.011974469758570194
nyc-tlc/trip data/fhv_tripdata_2021-05.parquet,fhv_tripdata_2021-05.parquet,fhv,2021,5,1263660,12830270,12.235898971557617,0.011949120089411736
nyc-tlc/trip data/fhv_tripdata_2021-06.parquet,fhv_tripdata_2021-06.parquet,fhv,2021,6,1311346,13208079,12.596205711364746,0.012300982140004635
nyc-tlc/trip data/fhv_tripdata_2021-07.parquet,fhv_tripdata_2021-07.parquet,fhv,2021,7,1240014,12650862,12.064802169799805,0.011782033368945122
nyc-tlc/trip data/fhv_tripdata_2021-08.parquet,fhv_tripdata_2021-08.parquet,fhv,2021,8,1203018,12249792,11.68231201171875,0.011408507823944092
nyc-tlc/trip data/fhv_tripdata_2021-09.parquet,fhv_tripdata_2021-09.parquet,fhv,2021,9,1179412,12019173,11.462376594543457,0.011193727143108845
nyc-tlc/trip data/fhv_tripdata_2021-10.parquet,fhv_tripdata_2021-10.parquet,fhv,2021,10,1277393,12875974,12.279485702514648,0.011991685256361961
nyc-tlc/trip data/fhv_tripdata_2021-11.parquet,fhv_tripdata_2021-11.parquet,fhv,2021,11,1228962,12368097,11.795136451721191,0.011518687941133976
nyc-tlc/trip data/fhv_tripdata_2021-12.parquet,fhv_tripdata_2021-12.parquet,fhv,2021,12,1339973,13590300,12.96072006225586,0.012656953185796738
nyc-tlc/trip data/fhv_tripdata_2022-01.parquet,fhv_tripdata_2022-01.parquet,fhv,2022,1,1143691,11663225,11.122918128967285,0.010862224735319614
nyc-tlc/trip data/fhv_tripdata_2022-02.parquet,fhv_tripdata_2022-02.parquet,fhv,2022,2,1251504,12497217,11.918274879455566,0.011638940311968327
nyc-tlc/trip data/fhv_tripdata_2022-03.parquet,fhv_tripdata_2022-03.parquet,fhv,2022,3,1380816,13748459,13.111552238464355,0.012804250232875347
nyc-tlc/trip data/fhv_tripdata_2022-04.parquet,fhv_tripdata_2022-04.parquet,fhv,2022,4,1246669,12766827,12.175395011901855,0.011890034191310406
nyc-tlc/trip data/fhv_tripdata_2022-05.parquet,fhv_tripdata_2022-05.parquet,fhv,2022,5,1255828,12667396,12.080570220947266,0.011797431856393814
nyc-tlc/trip data/fhv_tripdata_2022-06.parquet,fhv_tripdata_2022-06.parquet,fhv,2022,6,1195414,12241461,11.67436695098877,0.01140074897557497
nyc-tlc/trip data/fhv_tripdata_2022-07.parquet,fhv_tripdata_2022-07.parquet,fhv,2022,7,1159579,11851834,11.302789688110352,0.011037880554795265
nyc-tlc/trip data/fhv_tripdata_2022-08.parquet,fhv_tripdata_2022-08.parquet,fhv,2022,8,1151155,11826775,11.278891563415527,0.011014542542397976
nyc-tlc/trip data/fhv_tripdata_2022-09.parquet,fhv_tripdata_2022-09.parquet,fhv,2022,9,1160493,11771857,11.226517677307129,0.010963396169245243
nyc-tlc/trip data/fhv_tripdata_2022-10.parquet,fhv_tripdata_2022-10.parquet,fhv,2022,10,1174988,12051434,11.493143081665039,0.011223772540688515
nyc-tlc/trip data/fhv_tripdata_2022-11.parquet,fhv_tripdata_2022-11.parquet,fhv,2022,11,1106084,11298968,10.775535583496094,0.010522983968257904
nyc-tlc/trip data/fhv_tripdata_2022-12.parquet,fhv_tripdata_2022-12.parquet,fhv,2022,12,1285443,12863273,12.267373085021973,0.01197985652834177
nyc-tlc/trip data/fhv_tripdata_2023-01.parquet,fhv_tripdata_2023-01.parquet,fhv,2023,1,1114320,11308978,10.78508186340332,0.010532306507229805
nyc-tlc/trip data/fhv_tripdata_2023-02.parquet,fhv_tripdata_2023-02.parquet,fhv,2023,2,1110797,12771769,12.180108070373535,0.011894636787474155
nyc-tlc/trip data/fhv_tripdata_2023-03.parquet,fhv_tripdata_2023-03.parquet,fhv,2023,3,1328242,15030025,14.333748817443848,0.013997801579535007
nyc-tlc/trip data/fhv_tripdata_2023-04.parquet,fhv_tripdata_2023-04.parquet,fhv,2023,4,1246479,14237314,13.577760696411133,0.013259531930088997
nyc-tlc/trip data/fhv_tripdata_2023-05.parquet,fhv_tripdata_2023-05.parquet,fhv,2023,5,1385826,15628971,14.904948234558105,0.01455561351031065
nyc-tlc/trip data/fhv_tripdata_2023-06.parquet,fhv_tripdata_2023-06.parquet,fhv,2023,6,1219445,14034231,13.384085655212402,0.013070396147668362
nyc-tlc/trip data/fhvhv_tripdata_2019-02.parquet,fhvhv_tripdata_2019-02.parquet,fhvhv,2019,2,20159102,513054623,489.2870168685913,0.4778193524107337
nyc-tlc/trip data/fhvhv_tripdata_2019-03.parquet,fhvhv_tripdata_2019-03.parquet,fhvhv,2019,3,23864598,610854382,582.5561351776123,0.568902475759387
nyc-tlc/trip data/fhvhv_tripdata_2019-04.parquet,fhvhv_tripdata_2019-04.parquet,fhvhv,2019,4,21734822,559656651,533.7301740646362,0.5212208731099963
nyc-tlc/trip data/fhvhv_tripdata_2019-05.parquet,fhvhv_tripdata_2019-05.parquet,fhvhv,2019,5,22329247,570821186,544.3775043487549,0.5316186565905809
nyc-tlc/trip data/fhvhv_tripdata_2019-06.parquet,fhvhv_tripdata_2019-06.parquet,fhvhv,2019,6,21001990,536191926,511.3524684906006,0.49936764501035213
nyc-tlc/trip data/fhvhv_tripdata_2019-07.parquet,fhvhv_tripdata_2019-07.parquet,fhvhv,2019,7,20303312,516008365,492.10392475128174,0.4805702390149236
nyc-tlc/trip data/fhvhv_tripdata_2019-08.parquet,fhvhv_tripdata_2019-08.parquet,fhvhv,2019,8,20126113,501435971,478.2066068649292,0.4669986395165324
nyc-tlc/trip data/fhvhv_tripdata_2019-09.parquet,fhvhv_tripdata_2019-09.parquet,fhvhv,2019,9,20069321,515944585,492.04309940338135,0.4805108392611146
nyc-tlc/trip data/fhvhv_tripdata_2019-10.parquet,fhvhv_tripdata_2019-10.parquet,fhvhv,2019,10,21162290,549370339,523.9203824996948,0.5116409985348582
nyc-tlc/trip data/fhvhv_tripdata_2019-11.parquet,fhvhv_tripdata_2019-11.parquet,fhvhv,2019,11,21635568,561011664,535.0224151611328,0.5224828273057938
nyc-tlc/trip data/fhvhv_tripdata_2019-12.parquet,fhvhv_tripdata_2019-12.parquet,fhvhv,2019,12,22243901,576648876,549.9352226257324,0.5370461158454418
nyc-tlc/trip data/fhvhv_tripdata_2020-01.parquet,fhvhv_tripdata_2020-01.parquet,fhvhv,2020,1,20569368,531275933,506.6642122268677,0.49478926975280046
nyc-tlc/trip data/fhvhv_tripdata_2020-02.parquet,fhvhv_tripdata_2020-02.parquet,fhvhv,2020,2,21725100,558874878,532.9846172332764,0.5204927902668715
nyc-tlc/trip data/fhvhv_tripdata_2020-03.parquet,fhvhv_tripdata_2020-03.parquet,fhvhv,2020,3,13392928,346478514,330.4276599884033,0.3226832617074251
nyc-tlc/trip data/fhvhv_tripdata_2020-04.parquet,fhvhv_tripdata_2020-04.parquet,fhvhv,2020,4,4312909,114835005,109.5151948928833,0.10694843251258135
nyc-tlc/trip data/fhvhv_tripdata_2020-05.parquet,fhvhv_tripdata_2020-05.parquet,fhvhv,2020,5,6089999,160544713,153.1073694229126,0.14951891545206308
nyc-tlc/trip data/fhvhv_tripdata_2020-06.parquet,fhvhv_tripdata_2020-06.parquet,fhvhv,2020,6,7555193,197972781,188.80155658721924,0.1843765201047063
nyc-tlc/trip data/fhvhv_tripdata_2020-07.parquet,fhvhv_tripdata_2020-07.parquet,fhvhv,2020,7,9958454,260252547,248.19616985321045,0.24237907212227583
nyc-tlc/trip data/fhvhv_tripdata_2020-08.parquet,fhvhv_tripdata_2020-08.parquet,fhvhv,2020,8,11096852,290447928,276.9927291870117,0.27050071209669113
nyc-tlc/trip data/fhvhv_tripdata_2020-09.parquet,fhvhv_tripdata_2020-09.parquet,fhvhv,2020,9,12106669,314689382,300.1111812591553,0.2930773254483938
nyc-tlc/trip data/fhvhv_tripdata_2020-10.parquet,fhvhv_tripdata_2020-10.parquet,fhvhv,2020,10,13268411,345178105,329.1874933242798,0.321472161449492
nyc-tlc/trip data/fhvhv_tripdata_2020-11.parquet,fhvhv_tripdata_2020-11.parquet,fhvhv,2020,11,11596865,301856152,287.8724594116211,0.2811254486441612
nyc-tlc/trip data/fhvhv_tripdata_2020-12.parquet,fhvhv_tripdata_2020-12.parquet,fhvhv,2020,12,11637123,303264028,289.21511459350586,0.28243663534522057
nyc-tlc/trip data/fhvhv_tripdata_2021-01.parquet,fhvhv_tripdata_2021-01.parquet,fhvhv,2021,1,11908468,308924937,294.61377811431885,0.2877087676897645
nyc-tlc/trip data/fhvhv_tripdata_2021-02.parquet,fhvhv_tripdata_2021-02.parquet,fhvhv,2021,2,11613942,302633211,288.6135206222534,0.28184914123266935
nyc-tlc/trip data/fhvhv_tripdata_2021-03.parquet,fhvhv_tripdata_2021-03.parquet,fhvhv,2021,3,14227393,368370915,351.3058805465698,0.3430721489712596
nyc-tlc/trip data/fhvhv_tripdata_2021-04.parquet,fhvhv_tripdata_2021-04.parquet,fhvhv,2021,4,14111371,368416040,351.34891510009766,0.3431141749024391
nyc-tlc/trip data/fhvhv_tripdata_2021-05.parquet,fhvhv_tripdata_2021-05.parquet,fhvhv,2021,5,14719171,387251422,369.31173515319824,0.36065599136054516
nyc-tlc/trip data/fhvhv_tripdata_2021-06.parquet,fhvhv_tripdata_2021-06.parquet,fhvhv,2021,6,14961892,394114750,375.8571147918701,0.36704796366393566
nyc-tlc/trip data/fhvhv_tripdata_2021-07.parquet,fhvhv_tripdata_2021-07.parquet,fhvhv,2021,7,15027174,395966912,377.62347412109375,0.3687729239463806
nyc-tlc/trip data/fhvhv_tripdata_2021-08.parquet,fhvhv_tripdata_2021-08.parquet,fhvhv,2021,8,14499696,382326987,364.61542797088623,0.3560697538778186
nyc-tlc/trip data/fhvhv_tripdata_2021-09.parquet,fhvhv_tripdata_2021-09.parquet,fhvhv,2021,9,14886055,393687782,375.4499263763428,0.36665031872689724
nyc-tlc/trip data/fhvhv_tripdata_2021-10.parquet,fhvhv_tripdata_2021-10.parquet,fhvhv,2021,10,16545356,430115885,410.19047260284424,0.4005766334012151
nyc-tlc/trip data/fhvhv_tripdata_2021-11.parquet,fhvhv_tripdata_2021-11.parquet,fhvhv,2021,11,16041639,411061458,392.01875495910645,0.3828308153897524
nyc-tlc/trip data/fhvhv_tripdata_2021-12.parquet,fhvhv_tripdata_2021-12.parquet,fhvhv,2021,12,16054495,410934116,391.89731216430664,0.3827122189104557
nyc-tlc/trip data/fhvhv_tripdata_2022-01.parquet,fhvhv_tripdata_2022-01.parquet,fhvhv,2022,1,14751591,374619188,357.26469802856445,0.34889130666852
nyc-tlc/trip data/fhvhv_tripdata_2022-02.parquet,fhvhv_tripdata_2022-02.parquet,fhvhv,2022,2,16019283,407154284,388.2925834655762,0.37919197604060173
nyc-tlc/trip data/fhvhv_tripdata_2022-03.parquet,fhvhv_tripdata_2022-03.parquet,fhvhv,2022,3,18453548,471233716,449.40349197387695,0.4388705976307392
nyc-tlc/trip data/fhvhv_tripdata_2022-04.parquet,fhvhv_tripdata_2022-04.parquet,fhvhv,2022,4,17752561,455549033,434.4454126358032,0.4242630982771516
nyc-tlc/trip data/fhvhv_tripdata_2022-05.parquet,fhvhv_tripdata_2022-05.parquet,fhvhv,2022,5,18157335,468565693,446.8590669631958,0.4363858075812459
nyc-tlc/trip data/fhvhv_tripdata_2022-06.parquet,fhvhv_tripdata_2022-06.parquet,fhvhv,2022,6,17780075,458193119,436.96700954437256,0.4267255952581763
nyc-tlc/trip data/fhvhv_tripdata_2022-07.parquet,fhvhv_tripdata_2022-07.parquet,fhvhv,2022,7,17464619,443730405,423.17429065704346,0.413256143219769
nyc-tlc/trip data/fhvhv_tripdata_2022-08.parquet,fhvhv_tripdata_2022-08.parquet,fhvhv,2022,8,17185687,436536084,416.3132514953613,0.4065559096634388
nyc-tlc/trip data/fhvhv_tripdata_2022-09.parquet,fhvhv_tripdata_2022-09.parquet,fhvhv,2022,9,17793551,458009813,436.7921953201294,0.42655487824231386
nyc-tlc/trip data/fhvhv_tripdata_2022-10.parquet,fhvhv_tripdata_2022-10.parquet,fhvhv,2022,10,19306090,495083481,472.14840030670166,0.46108242217451334
nyc-tlc/trip data/fhvhv_tripdata_2022-11.parquet,fhvhv_tripdata_2022-11.parquet,fhvhv,2022,11,18085896,464298215,442.7892827987671,0.432411408983171
nyc-tlc/trip data/fhvhv_tripdata_2022-12.parquet,fhvhv_tripdata_2022-12.parquet,fhvhv,2022,12,19665847,503674188,480.34113693237305,0.46908314153552055
nyc-tlc/trip data/fhvhv_tripdata_2023-01.parquet,fhvhv_tripdata_2023-01.parquet,fhvhv,2023,1,18479031,473816636,451.866756439209,0.441276129335165
nyc-tlc/trip data/fhvhv_tripdata_2023-02.parquet,fhvhv_tripdata_2023-02.parquet,fhvhv,2023,2,17960971,458895583,437.63693141937256,0.427379815839231
nyc-tlc/trip data/fhvhv_tripdata_2023-03.parquet,fhvhv_tripdata_2023-03.parquet,fhvhv,2023,3,20413539,522484870,498.2804012298584,0.4866019543260336
nyc-tlc/trip data/fhvhv_tripdata_2023-04.parquet,fhvhv_tripdata_2023-04.parquet,fhvhv,2023,4,19144903,491826475,469.0422773361206,0.4580490989610553
nyc-tlc/trip data/fhvhv_tripdata_2023-05.parquet,fhvhv_tripdata_2023-05.parquet,fhvhv,2023,5,19847676,513108369,489.3382730484009,0.477869407273829
nyc-tlc/trip data/fhvhv_tripdata_2023-06.parquet,fhvhv_tripdata_2023-06.parquet,fhvhv,2023,6,19366619,498799838,475.69259452819824,0.4645435493439436
nyc-tlc/trip data/green_tripdata_2014-01.parquet,green_tripdata_2014-01.parquet,green,2014,1,803860,12413055,11.838011741638184,0.011560558341443539
nyc-tlc/trip data/green_tripdata_2014-02.parquet,green_tripdata_2014-02.parquet,green,2014,2,1005242,15237965,14.532055854797363,0.01419146079570055
nyc-tlc/trip data/green_tripdata_2014-03.parquet,green_tripdata_2014-03.parquet,green,2014,3,1293471,19442430,18.541746139526367,0.018107173964381218
nyc-tlc/trip data/green_tripdata_2014-04.parquet,green_tripdata_2014-04.parquet,green,2014,4,1309155,19562923,18.656657218933105,0.01821939181536436
nyc-tlc/trip data/green_tripdata_2014-05.parquet,green_tripdata_2014-05.parquet,green,2014,5,1421503,21288553,20.302346229553223,0.01982650998979807
nyc-tlc/trip data/green_tripdata_2014-06.parquet,green_tripdata_2014-06.parquet,green,2014,6,1337759,20196905,19.261269569396973,0.01880983356386423
nyc-tlc/trip data/green_tripdata_2014-07.parquet,green_tripdata_2014-07.parquet,green,2014,7,1273973,19217310,18.327054977416992,0.01789751462638378
nyc-tlc/trip data/green_tripdata_2014-08.parquet,green_tripdata_2014-08.parquet,green,2014,8,1344941,20277636,19.338260650634766,0.018885020166635513
nyc-tlc/trip data/green_tripdata_2014-09.parquet,green_tripdata_2014-09.parquet,green,2014,9,1361893,20555101,19.602871894836426,0.019143429584801197
nyc-tlc/trip data/green_tripdata_2014-10.parquet,green_tripdata_2014-10.parquet,green,2014,10,1491266,22251828,21.220996856689453,0.020723629742860794
nyc-tlc/trip data/green_tripdata_2014-11.parquet,green_tripdata_2014-11.parquet,green,2014,11,1548159,23099402,22.029306411743164,0.021512994542717934
nyc-tlc/trip data/green_tripdata_2014-12.parquet,green_tripdata_2014-12.parquet,green,2014,12,1645787,24413577,23.282601356506348,0.02273691538721323
nyc-tlc/trip data/green_tripdata_2015-01.parquet,green_tripdata_2015-01.parquet,green,2015,1,1508493,22732044,21.678966522216797,0.02117086574435234
nyc-tlc/trip data/green_tripdata_2015-02.parquet,green_tripdata_2015-02.parquet,green,2015,2,1574830,23596236,22.503124237060547,0.02197570726275444
nyc-tlc/trip data/green_tripdata_2015-03.parquet,green_tripdata_2015-03.parquet,green,2015,3,1722574,25895603,24.695971488952637,0.02411715965718031
nyc-tlc/trip data/green_tripdata_2015-04.parquet,green_tripdata_2015-04.parquet,green,2015,4,1664394,25043726,23.88355827331543,0.0233237873762846
nyc-tlc/trip data/green_tripdata_2015-05.parquet,green_tripdata_2015-05.parquet,green,2015,5,1786848,26706231,25.469046592712402,0.024872115813195705
nyc-tlc/trip data/green_tripdata_2015-06.parquet,green_tripdata_2015-06.parquet,green,2015,6,1638868,24706467,23.561923027038574,0.023009690456092358
nyc-tlc/trip data/green_tripdata_2015-07.parquet,green_tripdata_2015-07.parquet,green,2015,7,1541671,23394300,22.310543060302734,0.02178763970732689
nyc-tlc/trip data/green_tripdata_2015-08.parquet,green_tripdata_2015-08.parquet,green,2015,8,1532343,23292101,22.213078498840332,0.021692459471523762
nyc-tlc/trip data/green_tripdata_2015-09.parquet,green_tripdata_2015-09.parquet,green,2015,9,1494927,22720762,21.6682071685791,0.02116035856306553
nyc-tlc/trip data/green_tripdata_2015-10.parquet,green_tripdata_2015-10.parquet,green,2015,10,1630536,24605888,23.46600341796875,0.022916018962860107
nyc-tlc/trip data/green_tripdata_2015-11.parquet,green_tripdata_2015-11.parquet,green,2015,11,1529984,23209037,22.133862495422363,0.0216151000931859
nyc-tlc/trip data/green_tripdata_2015-12.parquet,green_tripdata_2015-12.parquet,green,2015,12,1608297,24334716,23.207393646240234,0.02266347035765648
nyc-tlc/trip data/green_tripdata_2016-01.parquet,green_tripdata_2016-01.parquet,green,2016,1,1445292,22088171,21.064921379089355,0.02057121228426695
nyc-tlc/trip data/green_tripdata_2016-02.parquet,green_tripdata_2016-02.parquet,green,2016,2,1510722,22771978,21.717050552368164,0.021208057180047035
nyc-tlc/trip data/green_tripdata_2016-03.parquet,green_tripdata_2016-03.parquet,green,2016,3,1576393,23783208,22.681434631347656,0.022149838507175446
nyc-tlc/trip data/green_tripdata_2016-04.parquet,green_tripdata_2016-04.parquet,green,2016,4,1543926,23357449,22.275399208068848,0.021753319539129734
nyc-tlc/trip data/green_tripdata_2016-05.parquet,green_tripdata_2016-05.parquet,green,2016,5,1536979,23493391,22.405043601989746,0.02187992539256811
nyc-tlc/trip data/green_tripdata_2016-06.parquet,green_tripdata_2016-06.parquet,green,2016,6,1404727,21485727,20.49038600921631,0.0200101425871253
nyc-tlc/trip data/green_tripdata_2016-07.parquet,green_tripdata_2016-07.parquet,green,2016,7,1332510,20529044,19.578022003173828,0.01911916211247444
nyc-tlc/trip data/green_tripdata_2016-08.parquet,green_tripdata_2016-08.parquet,green,2016,8,1247675,19290983,18.39731502532959,0.017966127954423428
nyc-tlc/trip data/green_tripdata_2016-09.parquet,green_tripdata_2016-09.parquet,green,2016,9,1162373,18039876,17.204166412353516,0.01680094376206398
nyc-tlc/trip data/green_tripdata_2016-10.parquet,green_tripdata_2016-10.parquet,green,2016,10,1252572,19277013,18.383992195129395,0.01795311737805605
nyc-tlc/trip data/green_tripdata_2016-11.parquet,green_tripdata_2016-11.parquet,green,2016,11,1148214,17783235,16.9594144821167,0.01656192820519209
nyc-tlc/trip data/green_tripdata_2016-12.parquet,green_tripdata_2016-12.parquet,green,2016,12,1224158,18755368,17.886512756347656,0.017467297613620758
nyc-tlc/trip data/green_tripdata_2017-01.parquet,green_tripdata_2017-01.parquet,green,2017,1,1069565,16620837,15.850865364074707,0.015479360707104206
nyc-tlc/trip data/green_tripdata_2017-02.parquet,green_tripdata_2017-02.parquet,green,2017,2,1022313,15850278,15.116003036499023,0.014761721715331078
nyc-tlc/trip data/green_tripdata_2017-03.parquet,green_tripdata_2017-03.parquet,green,2017,3,1157827,17764883,16.94191265106201,0.016544836573302746
nyc-tlc/trip data/green_tripdata_2017-04.parquet,green_tripdata_2017-04.parquet,green,2017,4,1080844,16746272,15.970489501953125,0.015596181154251099
nyc-tlc/trip data/green_tripdata_2017-05.parquet,green_tripdata_2017-05.parquet,green,2017,5,1059463,16504018,15.739458084106445,0.0153705645352602
nyc-tlc/trip data/green_tripdata_2017-06.parquet,green_tripdata_2017-06.parquet,green,2017,6,976467,15295902,14.587308883666992,0.014245418831706047
nyc-tlc/trip data/green_tripdata_2017-07.parquet,green_tripdata_2017-07.parquet,green,2017,7,914783,14450872,13.781425476074219,0.01345842331647873
nyc-tlc/trip data/green_tripdata_2017-08.parquet,green_tripdata_2017-08.parquet,green,2017,8,867407,13762500,13.124942779541016,0.012817326933145523
nyc-tlc/trip data/green_tripdata_2017-09.parquet,green_tripdata_2017-09.parquet,green,2017,9,882464,14021569,13.372010231018066,0.01305860374122858
nyc-tlc/trip data/green_tripdata_2017-10.parquet,green_tripdata_2017-10.parquet,green,2017,10,925737,14605863,13.92923641204834,0.013602769933640957
nyc-tlc/trip data/green_tripdata_2017-11.parquet,green_tripdata_2017-11.parquet,green,2017,11,874173,13843027,13.201739311218262,0.012892323546111584
nyc-tlc/trip data/green_tripdata_2017-12.parquet,green_tripdata_2017-12.parquet,green,2017,12,906016,14221060,13.562259674072266,0.013244394212961197
nyc-tlc/trip data/green_tripdata_2018-01.parquet,green_tripdata_2018-01.parquet,green,2018,1,792744,12588773,12.005589485168457,0.011724208481609821
nyc-tlc/trip data/green_tripdata_2018-02.parquet,green_tripdata_2018-02.parquet,green,2018,2,769197,12261328,11.693313598632812,0.011419251561164856
nyc-tlc/trip data/green_tripdata_2018-03.parquet,green_tripdata_2018-03.parquet,green,2018,3,836246,13304186,12.687860488891602,0.012390488758683205
nyc-tlc/trip data/green_tripdata_2018-04.parquet,green_tripdata_2018-04.parquet,green,2018,4,799383,12754439,12.163580894470215,0.01187849696725607
nyc-tlc/trip data/green_tripdata_2018-05.parquet,green_tripdata_2018-05.parquet,green,2018,5,796552,12772553,12.180855751037598,0.011895366944372654
nyc-tlc/trip data/green_tripdata_2018-06.parquet,green_tripdata_2018-06.parquet,green,2018,6,738546,11931153,11.378434181213379,0.01111175213009119
nyc-tlc/trip data/green_tripdata_2018-07.parquet,green_tripdata_2018-07.parquet,green,2018,7,684374,11167620,10.650272369384766,0.01040065661072731
nyc-tlc/trip data/green_tripdata_2018-08.parquet,green_tripdata_2018-08.parquet,green,2018,8,675815,11016416,10.506072998046875,0.010259836912155151
nyc-tlc/trip data/green_tripdata_2018-09.parquet,green_tripdata_2018-09.parquet,green,2018,9,682032,11232183,10.711844444274902,0.01046078559011221
nyc-tlc/trip data/green_tripdata_2018-10.parquet,green_tripdata_2018-10.parquet,green,2018,10,731888,11961961,11.407814979553223,0.011140444315969944
nyc-tlc/trip data/green_tripdata_2018-11.parquet,green_tripdata_2018-11.parquet,green,2018,11,673287,11092796,10.578914642333984,0.010330971330404282
nyc-tlc/trip data/green_tripdata_2018-12.parquet,green_tripdata_2018-12.parquet,green,2018,12,719654,11783052,11.237194061279297,0.010973822325468063
nyc-tlc/trip data/green_tripdata_2019-01.parquet,green_tripdata_2019-01.parquet,green,2019,1,672105,11071980,10.559062957763672,0.010311584919691086
nyc-tlc/trip data/green_tripdata_2019-02.parquet,green_tripdata_2019-02.parquet,green,2019,2,615594,10316792,9.838859558105469,0.009608261287212372
nyc-tlc/trip data/green_tripdata_2019-03.parquet,green_tripdata_2019-03.parquet,green,2019,3,643063,10760872,10.262367248535156,0.010021843016147614
nyc-tlc/trip data/green_tripdata_2019-04.parquet,green_tripdata_2019-04.parquet,green,2019,4,567852,9412998,8.976934432983398,0.00876653753221035
nyc-tlc/trip data/green_tripdata_2019-05.parquet,green_tripdata_2019-05.parquet,green,2019,5,545452,9050672,8.631393432617188,0.008429095149040222
nyc-tlc/trip data/green_tripdata_2019-06.parquet,green_tripdata_2019-06.parquet,green,2019,6,506238,8548670,8.152647018432617,0.007961569353938103
nyc-tlc/trip data/green_tripdata_2019-07.parquet,green_tripdata_2019-07.parquet,green,2019,7,470743,7921122,7.554170608520508,0.007377119734883308
nyc-tlc/trip data/green_tripdata_2019-08.parquet,green_tripdata_2019-08.parquet,green,2019,8,449695,7554849,7.204865455627441,0.007036001421511173
nyc-tlc/trip data/green_tripdata_2019-09.parquet,green_tripdata_2019-09.parquet,green,2019,9,449063,7692006,7.335668563842773,0.0071637388318777084
nyc-tlc/trip data/green_tripdata_2019-10.parquet,green_tripdata_2019-10.parquet,green,2019,10,476386,7864969,7.500618934631348,0.0073248231783509254
nyc-tlc/trip data/green_tripdata_2019-11.parquet,green_tripdata_2019-11.parquet,green,2019,11,449500,7584466,7.233110427856445,0.00706358440220356
nyc-tlc/trip data/green_tripdata_2019-12.parquet,green_tripdata_2019-12.parquet,green,2019,12,455294,7523110,7.174596786499023,0.007006442174315453
nyc-tlc/trip data/green_tripdata_2020-01.parquet,green_tripdata_2020-01.parquet,green,2020,1,447770,7183298,6.850526809692383,0.006689967587590218
nyc-tlc/trip data/green_tripdata_2020-02.parquet,green_tripdata_2020-02.parquet,green,2020,2,398632,6649395,6.341357231140137,0.00619273167103529
nyc-tlc/trip data/green_tripdata_2020-03.parquet,green_tripdata_2020-03.parquet,green,2020,3,223496,4019591,3.833380699157715,0.003743535839021206
nyc-tlc/trip data/green_tripdata_2020-04.parquet,green_tripdata_2020-04.parquet,green,2020,4,35644,713573,0.680516242980957,0.0006645666435360909
nyc-tlc/trip data/green_tripdata_2020-05.parquet,green_tripdata_2020-05.parquet,green,2020,5,57361,1082586,1.0324344635009766,0.0010082367807626724
nyc-tlc/trip data/green_tripdata_2020-06.parquet,green_tripdata_2020-06.parquet,green,2020,6,63110,1205174,1.149343490600586,0.0011224057525396347
nyc-tlc/trip data/green_tripdata_2020-07.parquet,green_tripdata_2020-07.parquet,green,2020,7,72258,1308197,1.247593879699707,0.0012183533981442451
nyc-tlc/trip data/green_tripdata_2020-08.parquet,green_tripdata_2020-08.parquet,green,2020,8,81063,1503105,1.4334726333618164,0.0013998756185173988
nyc-tlc/trip data/green_tripdata_2020-09.parquet,green_tripdata_2020-09.parquet,green,2020,9,87987,1586731,1.5132246017456055,0.0014777584001421928
nyc-tlc/trip data/green_tripdata_2020-10.parquet,green_tripdata_2020-10.parquet,green,2020,10,95120,1731109,1.650914192199707,0.0016122208908200264
nyc-tlc/trip data/green_tripdata_2020-11.parquet,green_tripdata_2020-11.parquet,green,2020,11,88605,1616478,1.5415935516357422,0.0015054624527692795
nyc-tlc/trip data/green_tripdata_2020-12.parquet,green_tripdata_2020-12.parquet,green,2020,12,83130,1458436,1.3908729553222656,0.0013582743704319
nyc-tlc/trip data/green_tripdata_2021-01.parquet,green_tripdata_2021-01.parquet,green,2021,1,76518,1333519,1.271742820739746,0.0012419363483786583
nyc-tlc/trip data/green_tripdata_2021-02.parquet,green_tripdata_2021-02.parquet,green,2021,2,64572,1145679,1.092604637145996,0.0010669967159628868
nyc-tlc/trip data/green_tripdata_2021-03.parquet,green_tripdata_2021-03.parquet,green,2021,3,83827,1474538,1.406229019165039,0.0013732705265283585
nyc-tlc/trip data/green_tripdata_2021-04.parquet,green_tripdata_2021-04.parquet,green,2021,4,86941,1534964,1.4638557434082031,0.0014295466244220734
nyc-tlc/trip data/green_tripdata_2021-05.parquet,green_tripdata_2021-05.parquet,green,2021,5,88180,1660008,1.5831069946289062,0.0015460029244422913
nyc-tlc/trip data/green_tripdata_2021-06.parquet,green_tripdata_2021-06.parquet,green,2021,6,86737,1676692,1.5990180969238281,0.001561541110277176
nyc-tlc/trip data/green_tripdata_2021-07.parquet,green_tripdata_2021-07.parquet,green,2021,7,83691,1618130,1.5431690216064453,0.0015070009976625443
nyc-tlc/trip data/green_tripdata_2021-08.parquet,green_tripdata_2021-08.parquet,green,2021,8,83499,1614286,1.5395030975341797,0.0015034209936857224
nyc-tlc/trip data/green_tripdata_2021-09.parquet,green_tripdata_2021-09.parquet,green,2021,9,95709,1883216,1.7959747314453125,0.001753881573677063
nyc-tlc/trip data/green_tripdata_2021-10.parquet,green_tripdata_2021-10.parquet,green,2021,10,110891,2167393,2.0669870376586914,0.002018542028963566
nyc-tlc/trip data/green_tripdata_2021-11.parquet,green_tripdata_2021-11.parquet,green,2021,11,108229,2129145,2.030510902404785,0.001982920803129673
nyc-tlc/trip data/green_tripdata_2021-12.parquet,green_tripdata_2021-12.parquet,green,2021,12,99961,2008137,1.9151086807250977,0.0018702233210206032
nyc-tlc/trip data/green_tripdata_2022-01.parquet,green_tripdata_2022-01.parquet,green,2022,1,62495,1254291,1.1961851119995117,0.0011681495234370232
nyc-tlc/trip data/green_tripdata_2022-02.parquet,green_tripdata_2022-02.parquet,green,2022,2,69399,1428262,1.3620967864990234,0.0013301726430654526
nyc-tlc/trip data/green_tripdata_2022-03.parquet,green_tripdata_2022-03.parquet,green,2022,3,78537,1615562,1.540719985961914,0.0015046093612909317
nyc-tlc/trip data/green_tripdata_2022-04.parquet,green_tripdata_2022-04.parquet,green,2022,4,76136,1570363,1.497614860534668,0.0014625145122408867
nyc-tlc/trip data/green_tripdata_2022-05.parquet,green_tripdata_2022-05.parquet,green,2022,5,76891,1589636,1.5159950256347656,0.0014804638922214508
nyc-tlc/trip data/green_tripdata_2022-06.parquet,green_tripdata_2022-06.parquet,green,2022,6,73718,1529658,1.4587955474853516,0.0014246050268411636
nyc-tlc/trip data/green_tripdata_2022-07.parquet,green_tripdata_2022-07.parquet,green,2022,7,64192,1312353,1.2515573501586914,0.001222223974764347
nyc-tlc/trip data/green_tripdata_2022-08.parquet,green_tripdata_2022-08.parquet,green,2022,8,65929,1346660,1.2842750549316406,0.0012541748583316803
nyc-tlc/trip data/green_tripdata_2022-09.parquet,green_tripdata_2022-09.parquet,green,2022,9,69031,1445166,1.3782176971435547,0.0013459157198667526
nyc-tlc/trip data/green_tripdata_2022-10.parquet,green_tripdata_2022-10.parquet,green,2022,10,69322,1444642,1.3777179718017578,0.0013454277068376541
nyc-tlc/trip data/green_tripdata_2022-11.parquet,green_tripdata_2022-11.parquet,green,2022,11,62313,1270324,1.2114753723144531,0.0011830814182758331
nyc-tlc/trip data/green_tripdata_2022-12.parquet,green_tripdata_2022-12.parquet,green,2022,12,72439,1519259,1.448878288269043,0.0014149202033877373
nyc-tlc/trip data/green_tripdata_2023-01.parquet,green_tripdata_2023-01.parquet,green,2023,1,68211,1427002,1.3608951568603516,0.001328999176621437
nyc-tlc/trip data/green_tripdata_2023-02.parquet,green_tripdata_2023-02.parquet,green,2023,2,64809,1533740,1.4626884460449219,0.001428406685590744
nyc-tlc/trip data/green_tripdata_2023-03.parquet,green_tripdata_2023-03.parquet,green,2023,3,72044,1730999,1.6508092880249023,0.0016121184453368187
nyc-tlc/trip data/green_tripdata_2023-04.parquet,green_tripdata_2023-04.parquet,green,2023,4,65392,1570467,1.4977140426635742,0.0014626113697886467
nyc-tlc/trip data/green_tripdata_2023-05.parquet,green_tripdata_2023-05.parquet,green,2023,5,69174,1673841,1.596299171447754,0.0015588859096169472
nyc-tlc/trip data/green_tripdata_2023-06.parquet,green_tripdata_2023-06.parquet,green,2023,6,65550,1563684,1.4912452697753906,0.00145629420876503
nyc-tlc/trip data/yellow_tripdata_2009-01.parquet,yellow_tripdata_2009-01.parquet,yellow,2009,1,14092413,469759995,447.9980421066284,0.4374980879947543
nyc-tlc/trip data/yellow_tripdata_2009-02.parquet,yellow_tripdata_2009-02.parquet,yellow,2009,2,13380122,443434087,422.8916997909546,0.4129801755771041
nyc-tlc/trip data/yellow_tripdata_2009-03.parquet,yellow_tripdata_2009-03.parquet,yellow,2009,3,14387371,482592227,460.2358121871948,0.44944903533905745
nyc-tlc/trip data/yellow_tripdata_2009-04.parquet,yellow_tripdata_2009-04.parquet,yellow,2009,4,14294783,478134464,455.98455810546875,0.4452974200248718
nyc-tlc/trip data/yellow_tripdata_2009-05.parquet,yellow_tripdata_2009-05.parquet,yellow,2009,5,14796313,495321625,472.3755121231079,0.46130421105772257
nyc-tlc/trip data/yellow_tripdata_2009-06.parquet,yellow_tripdata_2009-06.parquet,yellow,2009,6,14184249,473587848,451.64856719970703,0.4410630539059639
nyc-tlc/trip data/yellow_tripdata_2009-07.parquet,yellow_tripdata_2009-07.parquet,yellow,2009,7,13626103,454608768,433.5487060546875,0.42338740825653076
nyc-tlc/trip data/yellow_tripdata_2009-08.parquet,yellow_tripdata_2009-08.parquet,yellow,2009,8,13686520,458271722,437.04197120666504,0.4267988000065088
nyc-tlc/trip data/yellow_tripdata_2009-09.parquet,yellow_tripdata_2009-09.parquet,yellow,2009,9,13984887,468346719,446.65023708343506,0.43618187215179205
nyc-tlc/trip data/yellow_tripdata_2009-10.parquet,yellow_tripdata_2009-10.parquet,yellow,2009,10,15604551,527529176,503.09102630615234,0.4912998303771019
nyc-tlc/trip data/yellow_tripdata_2009-11.parquet,yellow_tripdata_2009-11.parquet,yellow,2009,11,14275339,478304085,456.1463212966919,0.4454553918913007
nyc-tlc/trip data/yellow_tripdata_2009-12.parquet,yellow_tripdata_2009-12.parquet,yellow,2009,12,14583404,487584891,464.9971876144409,0.45409881602972746
nyc-tlc/trip data/yellow_tripdata_2010-01.parquet,yellow_tripdata_2010-01.parquet,yellow,2010,1,14863778,515402953,491.5265588760376,0.48000640515238047
nyc-tlc/trip data/yellow_tripdata_2010-02.parquet,yellow_tripdata_2010-02.parquet,yellow,2010,2,11145409,358719659,342.1017255783081,0.3340837163850665
nyc-tlc/trip data/yellow_tripdata_2010-03.parquet,yellow_tripdata_2010-03.parquet,yellow,2010,3,12884362,408716092,389.782039642334,0.3806465230882168
nyc-tlc/trip data/yellow_tripdata_2010-04.parquet,yellow_tripdata_2010-04.parquet,yellow,2010,4,15144990,528303971,503.8299283981323,0.4920214144513011
nyc-tlc/trip data/yellow_tripdata_2010-05.parquet,yellow_tripdata_2010-05.parquet,yellow,2010,5,15481351,541788582,516.6898555755615,0.5045799370855093
nyc-tlc/trip data/yellow_tripdata_2010-06.parquet,yellow_tripdata_2010-06.parquet,yellow,2010,6,14825128,517519630,493.54517936706543,0.48197771422564983
nyc-tlc/trip data/yellow_tripdata_2010-07.parquet,yellow_tripdata_2010-07.parquet,yellow,2010,7,14656519,510991218,487.31920051574707,0.47589765675365925
nyc-tlc/trip data/yellow_tripdata_2010-08.parquet,yellow_tripdata_2010-08.parquet,yellow,2010,8,12528177,397142288,378.74440002441406,0.36986757814884186
nyc-tlc/trip data/yellow_tripdata_2011-01.parquet,yellow_tripdata_2011-01.parquet,yellow,2011,1,13464997,167179830,159.4351100921631,0.155698349699378
nyc-tlc/trip data/yellow_tripdata_2011-02.parquet,yellow_tripdata_2011-02.parquet,yellow,2011,2,14202809,175980833,167.82840061187744,0.16389492247253656
nyc-tlc/trip data/yellow_tripdata_2011-03.parquet,yellow_tripdata_2011-03.parquet,yellow,2011,3,16066351,199932870,190.67084312438965,0.18620199523866177
nyc-tlc/trip data/yellow_tripdata_2011-04.parquet,yellow_tripdata_2011-04.parquet,yellow,2011,4,14718973,184195235,175.66226482391357,0.1715451804921031
nyc-tlc/trip data/yellow_tripdata_2011-05.parquet,yellow_tripdata_2011-05.parquet,yellow,2011,5,15554868,193432650,184.4717502593994,0.18014819361269474
nyc-tlc/trip data/yellow_tripdata_2011-06.parquet,yellow_tripdata_2011-06.parquet,yellow,2011,6,15097861,189119923,180.35881328582764,0.17613165359944105
nyc-tlc/trip data/yellow_tripdata_2011-07.parquet,yellow_tripdata_2011-07.parquet,yellow,2011,7,14742561,184027650,175.50244331359863,0.17138910479843616
nyc-tlc/trip data/yellow_tripdata_2011-08.parquet,yellow_tripdata_2011-08.parquet,yellow,2011,8,13262441,166214848,158.51483154296875,0.15479964017868042
nyc-tlc/trip data/yellow_tripdata_2011-09.parquet,yellow_tripdata_2011-09.parquet,yellow,2011,9,14626748,183493192,174.99274444580078,0.17089135199785233
nyc-tlc/trip data/yellow_tripdata_2011-10.parquet,yellow_tripdata_2011-10.parquet,yellow,2011,10,15697804,196273077,187.18059253692627,0.18279354739934206
nyc-tlc/trip data/yellow_tripdata_2011-11.parquet,yellow_tripdata_2011-11.parquet,yellow,2011,11,14525863,181862379,173.43747997283936,0.16937253903597593
nyc-tlc/trip data/yellow_tripdata_2011-12.parquet,yellow_tripdata_2011-12.parquet,yellow,2011,12,14925983,186508736,177.86859130859375,0.17369979619979858
nyc-tlc/trip data/yellow_tripdata_2012-01.parquet,yellow_tripdata_2012-01.parquet,yellow,2012,1,13058348,166778702,159.05256462097168,0.15532477013766766
nyc-tlc/trip data/yellow_tripdata_2012-02.parquet,yellow_tripdata_2012-02.parquet,yellow,2012,2,13361345,170999814,163.0781307220459,0.15925598703324795
nyc-tlc/trip data/yellow_tripdata_2012-03.parquet,yellow_tripdata_2012-03.parquet,yellow,2012,3,16146923,204978557,195.48278522491455,0.19090115744620562
nyc-tlc/trip data/yellow_tripdata_2012-04.parquet,yellow_tripdata_2012-04.parquet,yellow,2012,4,13427802,174197742,166.1279125213623,0.16223428957164288
nyc-tlc/trip data/yellow_tripdata_2012-05.parquet,yellow_tripdata_2012-05.parquet,yellow,2012,5,13965253,181030635,172.64426708221436,0.16859791707247496
nyc-tlc/trip data/yellow_tripdata_2012-06.parquet,yellow_tripdata_2012-06.parquet,yellow,2012,6,15096468,193509508,184.54504776000977,0.18021977320313454
nyc-tlc/trip data/yellow_tripdata_2012-07.parquet,yellow_tripdata_2012-07.parquet,yellow,2012,7,14379307,183935553,175.41461277008057,0.1713033327832818
nyc-tlc/trip data/yellow_tripdata_2012-08.parquet,yellow_tripdata_2012-08.parquet,yellow,2012,8,14381752,184507061,175.95964527130127,0.17183559108525515
nyc-tlc/trip data/yellow_tripdata_2012-09.parquet,yellow_tripdata_2012-09.parquet,yellow,2012,9,14546854,187245283,178.57101726531982,0.1743857590481639
nyc-tlc/trip data/yellow_tripdata_2012-10.parquet,yellow_tripdata_2012-10.parquet,yellow,2012,10,14522315,181506517,173.0981035232544,0.16904111672192812
nyc-tlc/trip data/yellow_tripdata_2012-11.parquet,yellow_tripdata_2012-11.parquet,yellow,2012,11,13776030,172489795,164.4990873336792,0.1606436399742961
nyc-tlc/trip data/yellow_tripdata_2012-12.parquet,yellow_tripdata_2012-12.parquet,yellow,2012,12,14696610,182600871,174.14176082611084,0.17006031330674887
nyc-tlc/trip data/yellow_tripdata_2013-01.parquet,yellow_tripdata_2013-01.parquet,yellow,2013,1,14776617,184736650,176.17859840393066,0.17204941250383854
nyc-tlc/trip data/yellow_tripdata_2013-02.parquet,yellow_tripdata_2013-02.parquet,yellow,2013,2,13990176,172505462,164.51402854919434,0.1606582310050726
nyc-tlc/trip data/yellow_tripdata_2013-03.parquet,yellow_tripdata_2013-03.parquet,yellow,2013,3,15749228,195313202,186.26518440246582,0.18189959414303303
nyc-tlc/trip data/yellow_tripdata_2013-04.parquet,yellow_tripdata_2013-04.parquet,yellow,2013,4,14652628,180221055,171.87219142913818,0.16784393694251776
nyc-tlc/trip data/yellow_tripdata_2013-05.parquet,yellow_tripdata_2013-05.parquet,yellow,2013,5,15285052,190682031,181.84855556488037,0.1775864800438285
nyc-tlc/trip data/yellow_tripdata_2013-06.parquet,yellow_tripdata_2013-06.parquet,yellow,2013,6,14385456,179544093,171.22659015655518,0.1672134669497609
nyc-tlc/trip data/yellow_tripdata_2013-07.parquet,yellow_tripdata_2013-07.parquet,yellow,2013,7,13823840,173531868,165.4928855895996,0.16161414608359337
nyc-tlc/trip data/yellow_tripdata_2013-08.parquet,yellow_tripdata_2013-08.parquet,yellow,2013,8,11681525,148172545,141.30835056304932,0.13799643609672785
nyc-tlc/trip data/yellow_tripdata_2013-09.parquet,yellow_tripdata_2013-09.parquet,yellow,2013,9,14107693,176839524,168.64731216430664,0.1646946407854557
nyc-tlc/trip data/yellow_tripdata_2013-10.parquet,yellow_tripdata_2013-10.parquet,yellow,2013,10,15004556,188241576,179.52115631103516,0.17531362920999527
nyc-tlc/trip data/yellow_tripdata_2013-11.parquet,yellow_tripdata_2013-11.parquet,yellow,2013,11,14388451,179235590,170.9323787689209,0.16692615114152431
nyc-tlc/trip data/yellow_tripdata_2013-12.parquet,yellow_tripdata_2013-12.parquet,yellow,2013,12,13971118,174890659,166.78872966766357,0.1628796188160777
nyc-tlc/trip data/yellow_tripdata_2014-01.parquet,yellow_tripdata_2014-01.parquet,yellow,2014,1,13782517,171982098,164.0149097442627,0.16017081029713154
nyc-tlc/trip data/yellow_tripdata_2014-02.parquet,yellow_tripdata_2014-02.parquet,yellow,2014,2,13063794,162202347,154.68821239471436,0.15106270741671324
nyc-tlc/trip data/yellow_tripdata_2014-03.parquet,yellow_tripdata_2014-03.parquet,yellow,2014,3,15428134,192434692,183.52002334594727,0.17921877279877663
nyc-tlc/trip data/yellow_tripdata_2014-04.parquet,yellow_tripdata_2014-04.parquet,yellow,2014,4,14618759,183195017,174.70838260650635,0.17061365488916636
nyc-tlc/trip data/yellow_tripdata_2014-05.parquet,yellow_tripdata_2014-05.parquet,yellow,2014,5,14774048,186694423,178.04567623138428,0.1738727306947112
nyc-tlc/trip data/yellow_tripdata_2014-06.parquet,yellow_tripdata_2014-06.parquet,yellow,2014,6,13813079,173833877,165.78090381622314,0.16189541388303041
nyc-tlc/trip data/yellow_tripdata_2014-07.parquet,yellow_tripdata_2014-07.parquet,yellow,2014,7,13104273,165108601,157.45983219146729,0.15376936737447977
nyc-tlc/trip data/yellow_tripdata_2014-08.parquet,yellow_tripdata_2014-08.parquet,yellow,2014,8,12698743,173192581,165.16931629180908,0.1612981604412198
nyc-tlc/trip data/yellow_tripdata_2014-09.parquet,yellow_tripdata_2014-09.parquet,yellow,2014,9,13424350,183853413,175.33627796173096,0.1712268339470029
nyc-tlc/trip data/yellow_tripdata_2014-10.parquet,yellow_tripdata_2014-10.parquet,yellow,2014,10,14317774,195654699,186.5908613204956,0.1822176380082965
nyc-tlc/trip data/yellow_tripdata_2014-11.parquet,yellow_tripdata_2014-11.parquet,yellow,2014,11,13309991,181091341,172.7021608352661,0.16865445394068956
nyc-tlc/trip data/yellow_tripdata_2014-12.parquet,yellow_tripdata_2014-12.parquet,yellow,2014,12,13112117,179003886,170.7114086151123,0.1667103599756956
nyc-tlc/trip data/yellow_tripdata_2015-01.parquet,yellow_tripdata_2015-01.parquet,yellow,2015,1,12741035,175325767,167.20368099212646,0.1632848447188735
nyc-tlc/trip data/yellow_tripdata_2015-02.parquet,yellow_tripdata_2015-02.parquet,yellow,2015,2,12442394,171639741,163.6884126663208,0.1598519654944539
nyc-tlc/trip data/yellow_tripdata_2015-03.parquet,yellow_tripdata_2015-03.parquet,yellow,2015,3,13342951,185355459,176.7687406539917,0.17262572329491377
nyc-tlc/trip data/yellow_tripdata_2015-04.parquet,yellow_tripdata_2015-04.parquet,yellow,2015,4,13063758,180491380,172.1299934387207,0.1680956967175007
nyc-tlc/trip data/yellow_tripdata_2015-05.parquet,yellow_tripdata_2015-05.parquet,yellow,2015,5,13157677,182487456,174.03359985351562,0.16995468735694885
nyc-tlc/trip data/yellow_tripdata_2015-06.parquet,yellow_tripdata_2015-06.parquet,yellow,2015,6,12324936,171760764,163.80382919311523,0.1599646769464016
nyc-tlc/trip data/yellow_tripdata_2015-07.parquet,yellow_tripdata_2015-07.parquet,yellow,2015,7,11559666,160689531,153.24547863006592,0.14965378772467375
nyc-tlc/trip data/yellow_tripdata_2015-08.parquet,yellow_tripdata_2015-08.parquet,yellow,2015,8,11123123,154240802,147.09549140930176,0.14364794082939625
nyc-tlc/trip data/yellow_tripdata_2015-09.parquet,yellow_tripdata_2015-09.parquet,yellow,2015,9,11218122,156401569,149.15615940093994,0.1456603119149804
nyc-tlc/trip data/yellow_tripdata_2015-10.parquet,yellow_tripdata_2015-10.parquet,yellow,2015,10,12307333,171091467,163.16553783416748,0.15934134554117918
nyc-tlc/trip data/yellow_tripdata_2015-11.parquet,yellow_tripdata_2015-11.parquet,yellow,2015,11,11305240,157669006,150.36488151550293,0.14684070460498333
nyc-tlc/trip data/yellow_tripdata_2015-12.parquet,yellow_tripdata_2015-12.parquet,yellow,2015,12,11452996,159905170,152.4974536895752,0.14892329461872578
nyc-tlc/trip data/yellow_tripdata_2016-01.parquet,yellow_tripdata_2016-01.parquet,yellow,2016,1,10905067,151251087,144.24427700042725,0.14086355175822973
nyc-tlc/trip data/yellow_tripdata_2016-02.parquet,yellow_tripdata_2016-02.parquet,yellow,2016,2,11375412,158113739,150.78901195526123,0.1472548944875598
nyc-tlc/trip data/yellow_tripdata_2016-03.parquet,yellow_tripdata_2016-03.parquet,yellow,2016,3,12203824,170019864,162.1435775756836,0.1583433374762535
nyc-tlc/trip data/yellow_tripdata_2016-04.parquet,yellow_tripdata_2016-04.parquet,yellow,2016,4,11927996,165552992,157.88363647460938,0.15418323874473572
nyc-tlc/trip data/yellow_tripdata_2016-05.parquet,yellow_tripdata_2016-05.parquet,yellow,2016,5,11832049,165807271,158.12613582611084,0.15442005451768637
nyc-tlc/trip data/yellow_tripdata_2016-06.parquet,yellow_tripdata_2016-06.parquet,yellow,2016,6,11131645,156288749,149.048565864563,0.1455552401021123
nyc-tlc/trip data/yellow_tripdata_2016-07.parquet,yellow_tripdata_2016-07.parquet,yellow,2016,7,10294080,144621113,137.92144107818604,0.13468890730291605
nyc-tlc/trip data/yellow_tripdata_2016-08.parquet,yellow_tripdata_2016-08.parquet,yellow,2016,8,9942263,139875738,133.39589881896973,0.13026943244040012
nyc-tlc/trip data/yellow_tripdata_2016-09.parquet,yellow_tripdata_2016-09.parquet,yellow,2016,9,10116018,141848574,135.27734184265137,0.13210677914321423
nyc-tlc/trip data/yellow_tripdata_2016-10.parquet,yellow_tripdata_2016-10.parquet,yellow,2016,10,10854626,152579388,145.51104354858398,0.14210062846541405
nyc-tlc/trip data/yellow_tripdata_2016-11.parquet,yellow_tripdata_2016-11.parquet,yellow,2016,11,10102128,141148933,134.61011219024658,0.13145518768578768
nyc-tlc/trip data/yellow_tripdata_2016-12.parquet,yellow_tripdata_2016-12.parquet,yellow,2016,12,10446697,145957196,139.19562911987305,0.13593323156237602
nyc-tlc/trip data/yellow_tripdata_2017-01.parquet,yellow_tripdata_2017-01.parquet,yellow,2017,1,9710820,134830009,128.58391666412354,0.12557023111730814
nyc-tlc/trip data/yellow_tripdata_2017-02.parquet,yellow_tripdata_2017-02.parquet,yellow,2017,2,9169775,127643793,121.73060703277588,0.1188775459304452
nyc-tlc/trip data/yellow_tripdata_2017-03.parquet,yellow_tripdata_2017-03.parquet,yellow,2017,3,10295441,144578214,137.88052940368652,0.13464895449578762
nyc-tlc/trip data/yellow_tripdata_2017-04.parquet,yellow_tripdata_2017-04.parquet,yellow,2017,4,10047135,141349194,134.8010959625244,0.13164169527590275
nyc-tlc/trip data/yellow_tripdata_2017-05.parquet,yellow_tripdata_2017-05.parquet,yellow,2017,5,10102127,142379076,135.78326797485352,0.1326008476316929
nyc-tlc/trip data/yellow_tripdata_2017-06.parquet,yellow_tripdata_2017-06.parquet,yellow,2017,6,9656993,135482101,129.20580005645752,0.1261775391176343
nyc-tlc/trip data/yellow_tripdata_2017-07.parquet,yellow_tripdata_2017-07.parquet,yellow,2017,7,8588486,120841535,115.24346828460693,0.11254244949668646
nyc-tlc/trip data/yellow_tripdata_2017-08.parquet,yellow_tripdata_2017-08.parquet,yellow,2017,8,8422153,118622365,113.12710285186768,0.11047568637877703
nyc-tlc/trip data/yellow_tripdata_2017-09.parquet,yellow_tripdata_2017-09.parquet,yellow,2017,9,8945421,126899296,121.02059936523438,0.1181841790676117
nyc-tlc/trip data/yellow_tripdata_2017-10.parquet,yellow_tripdata_2017-10.parquet,yellow,2017,10,9768672,136742510,130.4078197479248,0.12735138647258282
nyc-tlc/trip data/yellow_tripdata_2017-11.parquet,yellow_tripdata_2017-11.parquet,yellow,2017,11,9284803,131062706,124.99113655090332,0.12206165678799152
nyc-tlc/trip data/yellow_tripdata_2017-12.parquet,yellow_tripdata_2017-12.parquet,yellow,2017,12,9508501,134255377,128.03590488433838,0.1250350633636117
nyc-tlc/trip data/yellow_tripdata_2018-01.parquet,yellow_tripdata_2018-01.parquet,yellow,2018,1,8760687,123668517,117.9394884109497,0.11517528165131807
nyc-tlc/trip data/yellow_tripdata_2018-02.parquet,yellow_tripdata_2018-02.parquet,yellow,2018,2,8492819,119455285,113.92143726348877,0.11125140357762575
nyc-tlc/trip data/yellow_tripdata_2018-03.parquet,yellow_tripdata_2018-03.parquet,yellow,2018,3,9431289,133552006,127.3651180267334,0.12437999807298183
nyc-tlc/trip data/yellow_tripdata_2018-04.parquet,yellow_tripdata_2018-04.parquet,yellow,2018,4,9306216,131609714,125.51280403137207,0.12257109768688679
nyc-tlc/trip data/yellow_tripdata_2018-05.parquet,yellow_tripdata_2018-05.parquet,yellow,2018,5,9224788,130850283,124.78855419158936,0.12186382245272398
nyc-tlc/trip data/yellow_tripdata_2018-06.parquet,yellow_tripdata_2018-06.parquet,yellow,2018,6,8714667,124189362,118.43620491027832,0.11566035635769367
nyc-tlc/trip data/yellow_tripdata_2018-07.parquet,yellow_tripdata_2018-07.parquet,yellow,2018,7,7851143,112244445,107.04464435577393,0.10453578550368547
nyc-tlc/trip data/yellow_tripdata_2018-08.parquet,yellow_tripdata_2018-08.parquet,yellow,2018,8,7855040,111426538,106.26462745666504,0.10377405025064945
nyc-tlc/trip data/yellow_tripdata_2018-09.parquet,yellow_tripdata_2018-09.parquet,yellow,2018,9,8049094,115505387,110.15452098846436,0.10757277440279722
nyc-tlc/trip data/yellow_tripdata_2018-10.parquet,yellow_tripdata_2018-10.parquet,yellow,2018,10,8834520,126899602,121.0208911895752,0.11818446405231953
nyc-tlc/trip data/yellow_tripdata_2018-11.parquet,yellow_tripdata_2018-11.parquet,yellow,2018,11,8155449,117170616,111.74260711669922,0.10912363976240158
nyc-tlc/trip data/yellow_tripdata_2018-12.parquet,yellow_tripdata_2018-12.parquet,yellow,2018,12,8195675,117845011,112.38576030731201,0.10975171905010939
nyc-tlc/trip data/yellow_tripdata_2019-01.parquet,yellow_tripdata_2019-01.parquet,yellow,2019,1,7696617,110439634,105.32344245910645,0.10285492427647114
nyc-tlc/trip data/yellow_tripdata_2019-02.parquet,yellow_tripdata_2019-02.parquet,yellow,2019,2,7049370,103356025,98.56798648834229,0.09625779930502176
nyc-tlc/trip data/yellow_tripdata_2019-03.parquet,yellow_tripdata_2019-03.parquet,yellow,2019,3,7866620,116017372,110.64278793334961,0.10804959759116173
nyc-tlc/trip data/yellow_tripdata_2019-04.parquet,yellow_tripdata_2019-04.parquet,yellow,2019,4,7475949,110139137,105.03686618804932,0.10257506463676691
nyc-tlc/trip data/yellow_tripdata_2019-05.parquet,yellow_tripdata_2019-05.parquet,yellow,2019,5,7598445,111478943,106.31460475921631,0.10382285621017218
nyc-tlc/trip data/yellow_tripdata_2019-06.parquet,yellow_tripdata_2019-06.parquet,yellow,2019,6,6971560,102903344,98.13627624511719,0.09583620727062225
nyc-tlc/trip data/yellow_tripdata_2019-07.parquet,yellow_tripdata_2019-07.parquet,yellow,2019,7,6310419,93877343,89.52841091156006,0.08743008878082037
nyc-tlc/trip data/yellow_tripdata_2019-08.parquet,yellow_tripdata_2019-08.parquet,yellow,2019,8,6073357,89999675,85.83037853240967,0.08381872903555632
nyc-tlc/trip data/yellow_tripdata_2019-09.parquet,yellow_tripdata_2019-09.parquet,yellow,2019,9,6567788,97110325,92.61162281036377,0.09044103790074587
nyc-tlc/trip data/yellow_tripdata_2019-10.parquet,yellow_tripdata_2019-10.parquet,yellow,2019,10,7213891,106293373,101.36925983428955,0.09899341780692339
nyc-tlc/trip data/yellow_tripdata_2019-11.parquet,yellow_tripdata_2019-11.parquet,yellow,2019,11,6878111,100872983,96.19997310638428,0.0939452862367034
nyc-tlc/trip data/yellow_tripdata_2019-12.parquet,yellow_tripdata_2019-12.parquet,yellow,2019,12,6896317,101044777,96.36380863189697,0.09410528186708689
nyc-tlc/trip data/yellow_tripdata_2020-01.parquet,yellow_tripdata_2020-01.parquet,yellow,2020,1,6405008,93562858,89.22849464416504,0.08713720180094242
nyc-tlc/trip data/yellow_tripdata_2020-02.parquet,yellow_tripdata_2020-02.parquet,yellow,2020,2,6299367,92134881,87.86666965484619,0.08580729458481073
nyc-tlc/trip data/yellow_tripdata_2020-03.parquet,yellow_tripdata_2020-03.parquet,yellow,2020,3,3007687,44442590,42.38375663757324,0.04139038734138012
nyc-tlc/trip data/yellow_tripdata_2020-04.parquet,yellow_tripdata_2020-04.parquet,yellow,2020,4,238073,4442620,4.236812591552734,0.004137512296438217
nyc-tlc/trip data/yellow_tripdata_2020-05.parquet,yellow_tripdata_2020-05.parquet,yellow,2020,5,348415,6229864,5.941261291503906,0.0058020129799842834
nyc-tlc/trip data/yellow_tripdata_2020-06.parquet,yellow_tripdata_2020-06.parquet,yellow,2020,6,549797,9505358,9.06501579284668,0.008852554485201836
nyc-tlc/trip data/yellow_tripdata_2020-07.parquet,yellow_tripdata_2020-07.parquet,yellow,2020,7,800412,13387778,12.767580032348633,0.012468339875340462
nyc-tlc/trip data/yellow_tripdata_2020-08.parquet,yellow_tripdata_2020-08.parquet,yellow,2020,8,1007286,16601463,15.832388877868652,0.015461317263543606
nyc-tlc/trip data/yellow_tripdata_2020-09.parquet,yellow_tripdata_2020-09.parquet,yellow,2020,9,1341017,21381938,20.39140510559082,0.019913481548428535
nyc-tlc/trip data/yellow_tripdata_2020-10.parquet,yellow_tripdata_2020-10.parquet,yellow,2020,10,1681132,26306876,25.088191986083984,0.02450018748641014
nyc-tlc/trip data/yellow_tripdata_2020-11.parquet,yellow_tripdata_2020-11.parquet,yellow,2020,11,1509000,23583368,22.49085235595703,0.02196372300386429
nyc-tlc/trip data/yellow_tripdata_2020-12.parquet,yellow_tripdata_2020-12.parquet,yellow,2020,12,1461898,23020036,21.953617095947266,0.021439079195261
nyc-tlc/trip data/yellow_tripdata_2021-01.parquet,yellow_tripdata_2021-01.parquet,yellow,2021,1,1369769,21686067,20.681445121765137,0.020196723751723766
nyc-tlc/trip data/yellow_tripdata_2021-02.parquet,yellow_tripdata_2021-02.parquet,yellow,2021,2,1371709,21777258,20.76841163635254,0.020281651988625526
nyc-tlc/trip data/yellow_tripdata_2021-03.parquet,yellow_tripdata_2021-03.parquet,yellow,2021,3,1925152,30007852,28.617717742919922,0.027946989983320236
nyc-tlc/trip data/yellow_tripdata_2021-04.parquet,yellow_tripdata_2021-04.parquet,yellow,2021,4,2171187,34018560,32.442626953125,0.03168225288391113
nyc-tlc/trip data/yellow_tripdata_2021-05.parquet,yellow_tripdata_2021-05.parquet,yellow,2021,5,2507109,38743682,36.94885444641113,0.03608286567032337
nyc-tlc/trip data/yellow_tripdata_2021-06.parquet,yellow_tripdata_2021-06.parquet,yellow,2021,6,2834264,44071592,42.029945373535156,0.041044868528842926
nyc-tlc/trip data/yellow_tripdata_2021-07.parquet,yellow_tripdata_2021-07.parquet,yellow,2021,7,2821746,43697690,41.67336463928223,0.04069664515554905
nyc-tlc/trip data/yellow_tripdata_2021-08.parquet,yellow_tripdata_2021-08.parquet,yellow,2021,8,2788757,43425907,41.41417217254639,0.04044352751225233
nyc-tlc/trip data/yellow_tripdata_2021-09.parquet,yellow_tripdata_2021-09.parquet,yellow,2021,9,2963793,46125883,43.98906993865967,0.04295807611197233
nyc-tlc/trip data/yellow_tripdata_2021-10.parquet,yellow_tripdata_2021-10.parquet,yellow,2021,10,3463504,53286464,50.81793212890625,0.04962688684463501
nyc-tlc/trip data/yellow_tripdata_2021-11.parquet,yellow_tripdata_2021-11.parquet,yellow,2021,11,3472949,53100722,50.64079475402832,0.04945390112698078
nyc-tlc/trip data/yellow_tripdata_2021-12.parquet,yellow_tripdata_2021-12.parquet,yellow,2021,12,3214369,49639052,47.3394889831543,0.04622996971011162
nyc-tlc/trip data/yellow_tripdata_2022-01.parquet,yellow_tripdata_2022-01.parquet,yellow,2022,1,2463931,38139949,36.37308979034424,0.035520595498383045
nyc-tlc/trip data/yellow_tripdata_2022-02.parquet,yellow_tripdata_2022-02.parquet,yellow,2022,2,2979431,45616512,43.5032958984375,0.04248368740081787
nyc-tlc/trip data/yellow_tripdata_2022-03.parquet,yellow_tripdata_2022-03.parquet,yellow,2022,3,3627882,55682369,53.102845191955566,0.05185824725776911
nyc-tlc/trip data/yellow_tripdata_2022-04.parquet,yellow_tripdata_2022-04.parquet,yellow,2022,4,3599920,55222692,52.66446304321289,0.05143013969063759
nyc-tlc/trip data/yellow_tripdata_2022-05.parquet,yellow_tripdata_2022-05.parquet,yellow,2022,5,3588295,55558821,52.98502063751221,0.051743184216320515
nyc-tlc/trip data/yellow_tripdata_2022-06.parquet,yellow_tripdata_2022-06.parquet,yellow,2022,6,3558124,55365184,52.80035400390625,0.0515628457069397
nyc-tlc/trip data/yellow_tripdata_2022-07.parquet,yellow_tripdata_2022-07.parquet,yellow,2022,7,3174394,49367712,47.080718994140625,0.045977264642715454
nyc-tlc/trip data/yellow_tripdata_2022-08.parquet,yellow_tripdata_2022-08.parquet,yellow,2022,8,3152677,49717159,47.41397762298584,0.04630271252244711
nyc-tlc/trip data/yellow_tripdata_2022-09.parquet,yellow_tripdata_2022-09.parquet,yellow,2022,9,3183767,49619957,47.32127857208252,0.046212186105549335
nyc-tlc/trip data/yellow_tripdata_2022-10.parquet,yellow_tripdata_2022-10.parquet,yellow,2022,10,3675411,57061938,54.41850471496582,0.05314307101070881
nyc-tlc/trip data/yellow_tripdata_2022-11.parquet,yellow_tripdata_2022-11.parquet,yellow,2022,11,3252717,50106631,47.785407066345215,0.04666543658822775
nyc-tlc/trip data/yellow_tripdata_2022-12.parquet,yellow_tripdata_2022-12.parquet,yellow,2022,12,3399549,53640739,51.155795097351074,0.04995683114975691
nyc-tlc/trip data/yellow_tripdata_2023-01.parquet,yellow_tripdata_2023-01.parquet,yellow,2023,1,3066766,47673370,45.46486854553223,0.044399285688996315
nyc-tlc/trip data/yellow_tripdata_2023-02.parquet,yellow_tripdata_2023-02.parquet,yellow,2023,2,2913955,47748012,45.53605270385742,0.044468801468610764
nyc-tlc/trip data/yellow_tripdata_2023-03.parquet,yellow_tripdata_2023-03.parquet,yellow,2023,3,3403766,56127762,53.527605056762695,0.05227305181324482
nyc-tlc/trip data/yellow_tripdata_2023-04.parquet,yellow_tripdata_2023-04.parquet,yellow,2023,4,3288250,54222699,51.710795402526855,0.05049882363528013
nyc-tlc/trip data/yellow_tripdata_2023-05.parquet,yellow_tripdata_2023-05.parquet,yellow,2023,5,3513649,58654627,55.937411308288574,0.05462637823075056
nyc-tlc/trip data/yellow_tripdata_2023-06.parquet,yellow_tripdata_2023-06.parquet,yellow,2023,6,3307234,54999465,52.45157718658447,0.0512222433462739
